-- MariaDB dump 10.19  Distrib 10.4.32-MariaDB, for Win64 (AMD64)
--
-- Host: localhost    Database: valosensebdd
-- ------------------------------------------------------
-- Server version	10.4.32-MariaDB

/*!40101 SET @OLD_CHARACTER_SET_CLIENT=@@CHARACTER_SET_CLIENT */;
/*!40101 SET @OLD_CHARACTER_SET_RESULTS=@@CHARACTER_SET_RESULTS */;
/*!40101 SET @OLD_COLLATION_CONNECTION=@@COLLATION_CONNECTION */;
/*!40101 SET NAMES utf8mb4 */;
/*!40103 SET @OLD_TIME_ZONE=@@TIME_ZONE */;
/*!40103 SET TIME_ZONE='+00:00' */;
/*!40014 SET @OLD_UNIQUE_CHECKS=@@UNIQUE_CHECKS, UNIQUE_CHECKS=0 */;
/*!40014 SET @OLD_FOREIGN_KEY_CHECKS=@@FOREIGN_KEY_CHECKS, FOREIGN_KEY_CHECKS=0 */;
/*!40101 SET @OLD_SQL_MODE=@@SQL_MODE, SQL_MODE='NO_AUTO_VALUE_ON_ZERO' */;
/*!40111 SET @OLD_SQL_NOTES=@@SQL_NOTES, SQL_NOTES=0 */;

--
-- Current Database: `valosensebdd`
--

CREATE DATABASE /*!32312 IF NOT EXISTS*/ `valosensebdd` /*!40100 DEFAULT CHARACTER SET utf8mb4 COLLATE utf8mb4_unicode_ci */;

USE `valosensebdd`;

--
-- Table structure for table `agente`
--

DROP TABLE IF EXISTS `agente`;
/*!40101 SET @saved_cs_client     = @@character_set_client */;
/*!40101 SET character_set_client = utf8 */;
CREATE TABLE `agente` (
  `id` int(11) NOT NULL AUTO_INCREMENT,
  `nombre` varchar(50) NOT NULL,
  `rol` enum('Duelist','Initiator','Controller','Sentinel') NOT NULL,
  PRIMARY KEY (`id`),
  UNIQUE KEY `UQ_ag_nombre` (`nombre`)
) ENGINE=InnoDB AUTO_INCREMENT=26 DEFAULT CHARSET=utf8mb4 COLLATE=utf8mb4_unicode_ci;
/*!40101 SET character_set_client = @saved_cs_client */;

--
-- Dumping data for table `agente`
--

LOCK TABLES `agente` WRITE;
/*!40000 ALTER TABLE `agente` DISABLE KEYS */;
INSERT INTO `agente` VALUES (1,'Jett','Duelist'),(2,'Reyna','Duelist'),(3,'Raze','Duelist'),(4,'Phoenix','Duelist'),(5,'Yoru','Duelist'),(6,'Neon','Duelist'),(7,'Iso','Duelist'),(8,'Sova','Initiator'),(9,'Breach','Initiator'),(10,'Skye','Initiator'),(11,'KAY/O','Initiator'),(12,'Fade','Initiator'),(13,'Gekko','Initiator'),(14,'Brimstone','Controller'),(15,'Viper','Controller'),(16,'Omen','Controller'),(17,'Astra','Controller'),(18,'Harbor','Controller'),(19,'Clove','Controller'),(20,'Sage','Sentinel'),(21,'Cypher','Sentinel'),(22,'Killjoy','Sentinel'),(23,'Chamber','Sentinel'),(24,'Deadlock','Sentinel'),(25,'Vyse','Sentinel');
/*!40000 ALTER TABLE `agente` ENABLE KEYS */;
UNLOCK TABLES;

--
-- Table structure for table `agente_favorito`
--

DROP TABLE IF EXISTS `agente_favorito`;
/*!40101 SET @saved_cs_client     = @@character_set_client */;
/*!40101 SET character_set_client = utf8 */;
CREATE TABLE `agente_favorito` (
  `id` int(11) NOT NULL AUTO_INCREMENT,
  `usuario_id` int(11) NOT NULL,
  `agente_id` int(11) NOT NULL,
  PRIMARY KEY (`id`),
  UNIQUE KEY `UQ_usuario_agente` (`usuario_id`,`agente_id`),
  KEY `FK_af_agente` (`agente_id`),
  CONSTRAINT `FK_af_agente` FOREIGN KEY (`agente_id`) REFERENCES `agente` (`id`) ON DELETE CASCADE,
  CONSTRAINT `FK_af_usuario` FOREIGN KEY (`usuario_id`) REFERENCES `usuario` (`id`) ON DELETE CASCADE
) ENGINE=InnoDB AUTO_INCREMENT=49 DEFAULT CHARSET=utf8mb4 COLLATE=utf8mb4_unicode_ci;
/*!40101 SET character_set_client = @saved_cs_client */;

--
-- Dumping data for table `agente_favorito`
--

LOCK TABLES `agente_favorito` WRITE;
/*!40000 ALTER TABLE `agente_favorito` DISABLE KEYS */;
INSERT INTO `agente_favorito` VALUES (1,2,1),(2,2,20),(3,3,4),(4,3,14),(5,4,2),(6,4,16),(7,5,3),(8,5,21),(11,6,1),(9,6,8),(10,6,22),(13,7,11),(12,7,23),(16,8,6),(15,8,8),(14,8,15),(18,9,10),(17,9,17),(19,10,19),(20,10,24),(21,11,1),(22,11,9),(23,11,21),(25,12,12),(24,12,16),(28,13,1),(27,13,8),(26,13,23),(30,14,11),(29,14,15),(31,14,22),(32,15,3),(33,15,16),(34,15,21),(35,16,1),(36,16,17),(37,16,22),(40,17,12),(39,17,15),(38,17,23),(41,18,1),(42,18,16),(43,19,1),(46,19,8),(44,19,15),(45,19,22),(47,20,1),(48,20,16);
/*!40000 ALTER TABLE `agente_favorito` ENABLE KEYS */;
UNLOCK TABLES;

--
-- Table structure for table `agente_mapa_meta`
--

DROP TABLE IF EXISTS `agente_mapa_meta`;
/*!40101 SET @saved_cs_client     = @@character_set_client */;
/*!40101 SET character_set_client = utf8 */;
CREATE TABLE `agente_mapa_meta` (
  `id` int(11) NOT NULL AUTO_INCREMENT,
  `agente_id` int(11) NOT NULL,
  `mapa` enum('Ascent','Bind','Breeze','Fracture','Haven','Icebox','Lotus','Pearl','Split','Sunset','Abyss') NOT NULL,
  `tier` enum('S','A','B') NOT NULL DEFAULT 'B',
  `nota` varchar(255) NOT NULL,
  PRIMARY KEY (`id`),
  UNIQUE KEY `UQ_agente_mapa` (`agente_id`,`mapa`),
  CONSTRAINT `FK_amm_agente` FOREIGN KEY (`agente_id`) REFERENCES `agente` (`id`) ON DELETE CASCADE
) ENGINE=InnoDB AUTO_INCREMENT=201 DEFAULT CHARSET=utf8mb4 COLLATE=utf8mb4_unicode_ci;
/*!40101 SET character_set_client = @saved_cs_client */;

--
-- Dumping data for table `agente_mapa_meta`
--

LOCK TABLES `agente_mapa_meta` WRITE;
/*!40000 ALTER TABLE `agente_mapa_meta` DISABLE KEYS */;
INSERT INTO `agente_mapa_meta` VALUES (78,1,'Ascent','S','Dash sobre mid y A site permite Op plays agresivos y salida limpia.'),(79,16,'Ascent','S','Humos globales cubren mid, A main y B main desde cualquier rinc?n.'),(80,22,'Ascent','S','Lockdown ulti cierra A site y turret anchorea B de forma casi gratis.'),(81,8,'Ascent','S','Lineups de recon y hunter?s fury barren mid, catwalk y ambos sitios.'),(82,11,'Ascent','A','Flashes rectas de mid y knife suppression rompe setups de Killjoy/Cypher.'),(83,21,'Ascent','A','C?mara en heaven y tripwire en catwalk cubren mid y flancos.'),(84,23,'Ascent','A','Op hold en A main y tele para reposicionar frente a pushes r?pidos.'),(85,3,'Ascent','A','Boombot limpia market y paint shells quiebran post-plant en ambos sitios.'),(86,19,'Ascent','A','Humos recargables y revive aguantan 1v1 tras trades en mid.'),(87,6,'Ascent','B','Slide a mid funciona, pero Jett sigue siendo mejor Op en este mapa.'),(88,4,'Ascent','B','Flash curve y wall ayudan en A main, aunque pierde frente a Jett.'),(89,9,'Ascent','B','Faults y ult ?tiles en A main, pero Ascent prefiere double recon.'),(90,3,'Bind','S','Boombot en hookah y satchels en teles hacen de Bind su mejor mapa.'),(91,14,'Bind','S','Tres humos simult?neos ejecutan cualquier sitio sin depender de alcance.'),(92,21,'Bind','S','Tripwires en teles A y B cubren los dos flancos m?s peligrosos del juego.'),(93,15,'Bind','A','Muro parte A short y molly post-plant imparable en B site.'),(94,11,'Bind','A','Flash y suppression desactivan Cypher/Viper en ejecutes a sitio.'),(95,10,'Bind','A','Perro de info y flashes largas rompen hookah y showers.'),(96,12,'Bind','A','Prowlers localizan en pasillos cerrados y haunt revela post-humo.'),(97,13,'Bind','A','Wingman plantea y Dizzy dispara flashes en ejecutes cortos.'),(98,4,'Bind','B','Flash curve y wall ayudan a tradear en hookah, pero carece de movilidad.'),(99,1,'Bind','B','Dash viable en A short, pero Raze domina los ejecutes cerrados.'),(100,22,'Bind','B','Trampas funcionan en B site, aunque Cypher cubre mejor los teles.'),(101,16,'Haven','S','Humos globales cubren tres sitios con rotaciones lentas, tele decisivo.'),(102,8,'Haven','S','Dart revela A long, C long y garage con un solo recon bolt.'),(103,1,'Haven','S','Dash para tomar A long u Op hold en C long sin riesgo de reposici?n.'),(104,19,'Haven','S','Humos recargables y revive salvan sitios mientras el equipo rota.'),(105,21,'Haven','A','Cam en garage y tripwires cubren los flancos largos de tres sitios.'),(106,22,'Haven','A','Anchor s?lido en C long; ult cierra A site para retakes de 3.'),(107,9,'Haven','A','Faults y stuns abren C long y A short en pasillos estrechos.'),(108,12,'Haven','A','Haunt y prowlers limpian tres sitios y cubren rotaciones lentas.'),(109,10,'Haven','A','Flashes y perro de info ejecutan A short y C long con trades f?ciles.'),(110,3,'Haven','B','Nades ?tiles en A short, pero Jett aprovecha mejor la Op.'),(111,17,'Haven','B','Control global viable, aunque Omen y Clove dan m?s impacto individual.'),(112,11,'Haven','B','Supresi?n molesta al Cypher defensor, roster ya saturado de iniciadores.'),(113,15,'Breeze','S','Muro gigante parte A cave y mid, molly decay fija post-plants.'),(114,1,'Breeze','S','Dash y updraft crean Op holds agresivos en ?ngulos largu?simos.'),(115,23,'Breeze','S','Op estable a larga distancia y tele de emergencia ante flanks.'),(116,8,'Breeze','S','Dart cubre A cave, mid doors y B site desde un ?nico pixel.'),(117,21,'Breeze','A','Tripwires en tubos de A y mid cortan los dos flancos principales.'),(118,18,'Breeze','A','Muros de agua complementan a Viper y tapan angulos en ejecute de A.'),(119,10,'Breeze','A','Perro de info y heal cr?tico en un mapa con trades lentos.'),(120,11,'Breeze','A','Knife supresi?n rompe a Viper y Cypher en ejecutes largos.'),(121,13,'Breeze','B','Wingman plantea en site abierto, pero Sova recon es superior.'),(122,6,'Breeze','B','Velocidad para rotar, aunque Jett y Raze son mejores duelists aqu?.'),(123,3,'Breeze','B','Satchels cubren mucho terreno, pero no gana los duelos de Op.'),(124,15,'Icebox','S','Muro vertical y molly indispensables por la verticalidad del mapa.'),(125,8,'Icebox','S','Recon dart y hunter?s fury dominan mid y B site abiertos.'),(126,20,'Icebox','S','Muro eleva a nest y corta B kitchen, wall clutch post-plant en A.'),(127,1,'Icebox','S','Updraft+dash suben a yellow y nest para Op holds imposibles de replicar.'),(128,22,'Icebox','A','Turret y trampas blindan B site, ult fuerza el defuse en retakes.'),(129,23,'Icebox','A','Op hold en B tubes y tele para rotar entre mid y screens.'),(130,18,'Icebox','A','Muros extensos cubren A site abierto cuando Viper se gasta.'),(131,10,'Icebox','A','Heal y flashes compensan trades lentos en un mapa con Op pesado.'),(132,21,'Icebox','B','Tripwires viables en B kitchen, Killjoy rinde mejor en sitios abiertos.'),(133,12,'Icebox','B','Prowlers ayudan en mid, pero Sova sigue siendo el iniciador top.'),(134,3,'Icebox','B','Satchels para subir a yellow decentes, Jett domina los Op holds.'),(135,3,'Split','S','Boombot y nades devastan pasillos cerrados, satchel sube a A ramps.'),(136,16,'Split','S','Humos precisos en mid y ambos sitios, tele flanquea por vents.'),(137,20,'Split','S','Muro corta mid y ralentiza pushes, slow orbs cubren rotaciones cortas.'),(138,21,'Split','S','Cam en mid y tripwires en vents anulan flancos constantes.'),(139,9,'Split','A','Stuns y aftershock rompen defensas en A main y B mail.'),(140,10,'Split','A','Flashes curvas perfectas para A main, heal tras entradas brutales.'),(141,14,'Split','A','Humos simult?neos y molly ejecutan sitios peque?os sin problema.'),(142,12,'Split','A','Prowlers limpian mid mail y heaven, haunt revela anchors.'),(143,6,'Split','A','Slide por mid rompe el timing de los defensores en A main.'),(144,1,'Split','B','Dash a A ramps viable, pero Raze saca m?s valor de los espacios cerrados.'),(145,22,'Split','B','Setup en B site s?lido, Cypher cubre mejor los flancos de vents.'),(146,3,'Lotus','S','Granadas rebotan en C hall y A main estrechos, boombot limpia waterfall.'),(147,15,'Lotus','S','Muro dobla defensa de A site y molly corta C mound en post-plant.'),(148,22,'Lotus','S','Ult cierra sitio en retake de 3 sites y trampas blindan C link.'),(149,16,'Lotus','A','Humos globales y tele rotan entre tres sitios con puertas rotatorias.'),(150,12,'Lotus','A','Haunt revela detr?s de puertas giratorias y prowlers ciegan ejecutes.'),(151,10,'Lotus','A','Flashes y perro de info cr?ticos para tres sitios con trades lentos.'),(152,9,'Lotus','A','Stuns y faults rompen defensas en A main y C hall estrechos.'),(153,18,'Lotus','A','Segundo controller viable, muros cubren ejecute C y A link.'),(154,1,'Lotus','A','Dash de A main para Op agresiva, updraft a pillars clutch.'),(155,11,'Lotus','B','Knife suppression rompe Killjoy/Viper, pero compite con Fade y Skye.'),(156,21,'Lotus','B','Cam en C mound y tripwires en tree, Killjoy suele ganar el slot.'),(157,9,'Fracture','S','Mapa lineal dise?ado para faults y stuns, must-pick absoluto.'),(158,3,'Fracture','S','Satchels a dish y A site, nades en pasillos estrechos de ambos lados.'),(159,6,'Fracture','S','Slide por zipline acelera entries y rotaciones H-spawn en segundos.'),(160,14,'Fracture','A','Humos r?pidos y molly ejecutan A dish y B arcade sin exceso de rango.'),(161,12,'Fracture','A','Haunt y prowlers barren A dish y B site; ult limpia post-humo.'),(162,8,'Fracture','A','Darts de arcade y dish revelan anchors pese a la geometr?a torcida.'),(163,22,'Fracture','A','Ult fuerza el defuse en sitios peque?os, turret cierra B arcade.'),(164,19,'Fracture','A','Humos recargables y revive mantienen presencia en sitios peque?os.'),(165,23,'Fracture','B','Op hold en A main con tele de escape, pero el kit sufre fuera del site.'),(166,21,'Fracture','B','Tripwires en ziplines ?tiles, Killjoy saca m?s valor en sitios chicos.'),(167,15,'Fracture','B','Molly post-plant viable, Brim y Omen rinden m?s en rotaciones cortas.'),(168,17,'Pearl','S','Estrellas globales sin tele propia del mapa: controla mid y site a la vez.'),(169,23,'Pearl','S','Op hold en mid y connector, tele cubre la ausencia de rotaciones r?pidas.'),(170,12,'Pearl','S','Prowlers y haunt esenciales en mid cerrado con muchos rincones.'),(171,18,'Pearl','A','Muros de agua cubren ejecutes largos de A main y B link.'),(172,1,'Pearl','A','Dash para entries en A main y B link, updraft a pocket.'),(173,6,'Pearl','A','Slide por mid rompe Chamber y crea entries r?pidas a site.'),(174,3,'Pearl','A','Nades en dugout y B site, satchels para subir a pocket y heaven.'),(175,21,'Pearl','A','Cam en mid y trips en A dugout neutralizan flancos constantes.'),(176,24,'Pearl','A','Sensor y wall retrasan flancos por mid y ganan tiempo de rotaci?n.'),(177,19,'Pearl','B','Humos recargables ?tiles, Astra sigue siendo el controlador rey aqu?.'),(178,15,'Pearl','B','Muro en A main viable, Harbor cubre mejor las rotaciones cortas.'),(179,16,'Sunset','S','Humos globales cubren A main, mid y B market; tele a elevados clutch.'),(180,21,'Sunset','S','Cam en market y tripwires en A alley: pareja casi 100% pick en pro.'),(181,3,'Sunset','S','Boombot en A main y satchel a B market devastan el mapa corto.'),(182,14,'Sunset','A','Alcance limitado deja de ser problema: humos y molly ejecutan cualquier site.'),(183,4,'Sunset','A','Flash curve en mid y wall en A main sostienen entries repetidos.'),(184,12,'Sunset','A','Prowlers y haunt limpian mid top y B market cerrado.'),(185,1,'Sunset','A','Dash por A main y mid para Op holds con salida r?pida.'),(186,19,'Sunset','A','Humos recargables y revive alargan defensa en sitios compactos.'),(187,8,'Sunset','A','Darts de mid top y A main revelan anchors en un mid muy disputado.'),(188,22,'Sunset','B','Ult en B market s?lido, pero Cypher cubre mejor los flancos largos.'),(189,9,'Sunset','B','Faults y stuns quiebran mid, compite con Fade por el slot iniciador.'),(190,22,'Abyss','S','Turret y trampas cerca de huecos empujan enemigos al vac?o.'),(191,19,'Abyss','S','Humos recargables y revive aguantan rotaciones largu?simas.'),(192,17,'Abyss','S','Gravity well arrastra enemigos hacia el abismo; estrellas cubren todo el mapa.'),(193,1,'Abyss','A','Updraft asegura Op holds en A main y B main sin miedo al fall damage.'),(194,8,'Abyss','A','Recon bolt atraviesa los techos abiertos y cubre sitios vastos.'),(195,21,'Abyss','A','Tripwires en bordes detectan pushes y empujan al vac?o a los descuidados.'),(196,4,'Abyss','A','Wall sobre el vac?o bloquea ?ngulos y heal sostiene entradas largas.'),(197,25,'Abyss','A','Razorvine en bordes y trampas de arma cubren sitios con poca cobertura.'),(198,16,'Abyss','A','Humos r?pidos y tele agresivo sobre elevaciones frente al abismo.'),(199,9,'Abyss','B','Faults ?tiles, pero la falta de paredes completas reduce su alcance.'),(200,3,'Abyss','B','Boombot viable en bordes, pero pierde en rotaciones muy largas.');
/*!40000 ALTER TABLE `agente_mapa_meta` ENABLE KEYS */;
UNLOCK TABLES;

--
-- Table structure for table `amistad`
--

DROP TABLE IF EXISTS `amistad`;
/*!40101 SET @saved_cs_client     = @@character_set_client */;
/*!40101 SET character_set_client = utf8 */;
CREATE TABLE `amistad` (
  `id` int(11) NOT NULL AUTO_INCREMENT,
  `emisor_id` int(11) NOT NULL,
  `receptor_id` int(11) NOT NULL,
  `estado` enum('pendiente','aceptada','rechazada') NOT NULL DEFAULT 'pendiente',
  `creado_en` datetime NOT NULL DEFAULT current_timestamp(),
  `resuelto_en` datetime DEFAULT NULL,
  PRIMARY KEY (`id`),
  UNIQUE KEY `UQ_emisor_receptor` (`emisor_id`,`receptor_id`),
  KEY `FK_am_receptor` (`receptor_id`),
  CONSTRAINT `FK_am_emisor` FOREIGN KEY (`emisor_id`) REFERENCES `usuario` (`id`) ON DELETE CASCADE,
  CONSTRAINT `FK_am_receptor` FOREIGN KEY (`receptor_id`) REFERENCES `usuario` (`id`) ON DELETE CASCADE
) ENGINE=InnoDB AUTO_INCREMENT=13 DEFAULT CHARSET=utf8mb4 COLLATE=utf8mb4_unicode_ci;
/*!40101 SET character_set_client = @saved_cs_client */;

--
-- Dumping data for table `amistad`
--

LOCK TABLES `amistad` WRITE;
/*!40000 ALTER TABLE `amistad` DISABLE KEYS */;
INSERT INTO `amistad` VALUES (2,19,20,'pendiente','2026-04-18 22:08:05',NULL),(3,17,20,'pendiente','2026-04-18 16:08:05',NULL),(4,15,20,'pendiente','2026-04-18 00:08:05',NULL),(5,20,9,'pendiente','2026-04-18 21:08:05',NULL),(6,20,11,'pendiente','2026-04-18 23:38:05',NULL),(7,20,8,'aceptada','2026-04-09 00:08:05','2026-04-10 00:08:05'),(8,6,20,'aceptada','2026-04-04 00:08:05','2026-04-05 00:08:05'),(9,20,13,'aceptada','2026-04-14 00:08:05','2026-04-14 00:08:05'),(10,4,20,'aceptada','2026-03-30 00:08:05','2026-03-31 00:08:05'),(11,23,12,'pendiente','2026-05-28 00:46:22',NULL),(12,1,23,'aceptada','2026-05-28 00:48:55','2026-05-28 00:49:40');
/*!40000 ALTER TABLE `amistad` ENABLE KEYS */;
UNLOCK TABLES;

--
-- Table structure for table `lineup`
--

DROP TABLE IF EXISTS `lineup`;
/*!40101 SET @saved_cs_client     = @@character_set_client */;
/*!40101 SET character_set_client = utf8 */;
CREATE TABLE `lineup` (
  `id` int(11) NOT NULL AUTO_INCREMENT,
  `usuario_id` int(11) DEFAULT NULL,
  `agente_id` int(11) NOT NULL,
  `mapa` enum('Ascent','Bind','Breeze','Fracture','Haven','Icebox','Lotus','Pearl','Split','Sunset','Abyss','Corrode') NOT NULL,
  `lado` varchar(20) NOT NULL DEFAULT 'Ataque',
  `habilidad` varchar(100) DEFAULT NULL,
  `inicio_x` decimal(5,2) DEFAULT NULL,
  `inicio_y` decimal(5,2) DEFAULT NULL,
  `destino_x` decimal(5,2) DEFAULT NULL,
  `destino_y` decimal(5,2) DEFAULT NULL,
  `titulo` varchar(100) NOT NULL,
  `descripcion` text NOT NULL,
  `video_url` varchar(255) NOT NULL,
  `aprobado` tinyint(1) NOT NULL DEFAULT 0,
  `creado_en` datetime NOT NULL DEFAULT current_timestamp(),
  PRIMARY KEY (`id`),
  KEY `FK_li_usuario` (`usuario_id`),
  KEY `FK_li_agente` (`agente_id`),
  CONSTRAINT `FK_li_agente` FOREIGN KEY (`agente_id`) REFERENCES `agente` (`id`) ON DELETE CASCADE,
  CONSTRAINT `FK_li_usuario` FOREIGN KEY (`usuario_id`) REFERENCES `usuario` (`id`) ON DELETE SET NULL
) ENGINE=InnoDB AUTO_INCREMENT=277 DEFAULT CHARSET=utf8mb4 COLLATE=utf8mb4_unicode_ci;
/*!40101 SET character_set_client = @saved_cs_client */;

--
-- Dumping data for table `lineup`
--

LOCK TABLES `lineup` WRITE;
/*!40000 ALTER TABLE `lineup` DISABLE KEYS */;
INSERT INTO `lineup` VALUES (2,1,14,'Abyss','Ataque','Incendiario',27.04,75.53,14.01,39.04,'Brimstone - Incendiario en Abyss','','https://www.youtube.com/watch?v=0Ph0XRc4mgo&t=2s',1,'2026-05-28 19:48:30'),(3,1,14,'Abyss','Ataque','Incendiario',21.00,61.76,19.75,29.78,'Brimstone - Incendiario en Abyss','','https://www.youtube.com/watch?v=17FGDGptlLc',1,'2026-05-28 19:49:59'),(4,1,14,'Abyss','Ataque','Incendiario',77.27,62.85,80.25,45.45,'Brimstone - Incendiario en Abyss','','https://www.youtube.com/watch?v=hngtrFU2RDI',1,'2026-05-28 19:50:51'),(5,1,14,'Abyss','Ataque','Incendiario',77.90,83.70,91.69,44.67,'Brimstone - Incendiario en Abyss','','https://www.youtube.com/watch?v=RAN7Y87qbKM',1,'2026-05-28 19:51:28'),(6,1,14,'Abyss','Ataque','Cortina de humo',81.19,59.40,81.50,39.66,'Brimstone - Cortina de humo en Abyss','','https://www.youtube.com/watch?v=X04uKrw0xe0',1,'2026-05-28 19:52:26'),(7,1,21,'Abyss','Ataque','Cámara espía',91.22,26.02,78.53,22.10,'Cypher - Cámara espía en Abyss','','https://www.youtube.com/watch?v=QQXWJISfmRI',1,'2026-05-28 19:54:52'),(8,1,21,'Abyss','Ataque','Cámara espía',90.13,40.44,93.42,32.13,'Cypher - Cámara espía en Abyss','','https://www.youtube.com/watch?v=7hMOVO07Kwg',1,'2026-05-28 19:55:54'),(9,1,21,'Abyss','Ataque','Cámara espía',5.33,42.01,2.66,35.27,'Cypher - Cámara espía en Abyss','','https://www.youtube.com/watch?v=_bHdd2rm8wk',1,'2026-05-28 19:56:35'),(10,1,21,'Abyss','Ataque','Cámara espía',52.82,67.87,53.13,55.64,'Cypher - Cámara espía en Abyss','','https://www.youtube.com/watch?v=Ald9J3yndp0&time_continue=0&source_ve_path=NzY3NTg&embeds_referring_euri=https%3A%2F%2Fwww.strats.gg%2F',1,'2026-05-28 19:57:25'),(11,1,21,'Abyss','Ataque','Cable trampa',57.99,77.27,63.32,77.12,'Cypher - Cable trampa en Abyss','','https://www.youtube.com/watch?v=UiMwVhR-xJI',1,'2026-05-28 19:58:03'),(12,1,21,'Abyss','Ataque','Cable trampa',20.38,79.15,21.47,75.24,'Cypher - Cable trampa en Abyss','','https://www.youtube.com/watch?v=OE2xDiq7aOM',1,'2026-05-28 19:58:51'),(13,1,21,'Abyss','Ataque','Cable trampa',22.41,63.17,31.97,58.62,'Cypher - Cable trampa en Abyss','','https://www.youtube.com/watch?v=4GVZJrViRbM',1,'2026-05-28 19:59:27'),(14,1,21,'Abyss','Ataque','Prisión cibernética',54.08,61.76,45.77,50.16,'Cypher - Prisión cibernética en Abyss','','https://www.youtube.com/watch?v=QMXdiv9BrzU',1,'2026-05-28 20:00:00'),(15,1,21,'Abyss','Defensa','Cámara espía',26.02,46.87,8.93,45.30,'Cypher - Cámara espía en Abyss','','https://www.youtube.com/watch?v=5xC6j53YqSs&t=1s',1,'2026-05-28 20:01:36'),(16,1,21,'Abyss','Defensa','Cámara espía',51.88,65.83,56.43,57.68,'Cypher - Cámara espía en Abyss','','https://www.youtube.com/watch?v=mxZmxL9nwzw',1,'2026-05-28 20:02:14'),(17,1,21,'Abyss','Defensa','Cámara espía',78.06,63.32,80.88,50.31,'Cypher - Cámara espía en Abyss','','https://www.youtube.com/watch?v=nk4PN7LlxyA',1,'2026-05-28 20:02:59'),(18,1,21,'Abyss','Defensa','Cable trampa',17.24,46.24,14.73,42.01,'Cypher - Cable trampa en Abyss','','https://www.youtube.com/watch?v=G1Afny9aGZg',1,'2026-05-28 20:03:54'),(19,1,21,'Abyss','Defensa','Cable trampa',19.28,46.24,23.04,47.02,'Cypher - Cable trampa en Abyss','','https://www.youtube.com/watch?v=dj9OYT0Y30k&t=1s',1,'2026-05-28 20:04:32'),(20,1,21,'Abyss','Defensa','Cable trampa',46.87,67.24,46.08,63.17,'Cypher - Cable trampa en Abyss','','https://www.youtube.com/watch?v=IzRhj3FOQmc',1,'2026-05-28 20:05:13'),(21,1,21,'Abyss','Defensa','Cable trampa',57.37,60.82,53.76,59.25,'Cypher - Cable trampa en Abyss','','https://www.youtube.com/watch?v=5oHH8UZctrk',1,'2026-05-28 20:05:45'),(22,1,21,'Abyss','Defensa','Cable trampa',82.13,43.73,86.21,47.49,'Cypher - Cable trampa en Abyss','','https://www.youtube.com/watch?v=_g7-zKOU6AI',1,'2026-05-28 20:06:27'),(23,1,21,'Abyss','Defensa','Cable trampa',92.63,52.66,92.79,48.28,'Cypher - Cable trampa en Abyss','','https://www.youtube.com/watch?v=hOcmdgXyOKw&t=7s',1,'2026-05-28 20:06:59'),(24,1,22,'Abyss','Ataque','Nanoenjambre',22.22,67.65,19.61,29.52,'Killjoy - Nanoenjambre en Abyss','','https://www.youtube.com/watch?v=tG0qLZoOGNI',1,'2026-05-28 20:09:50'),(25,1,22,'Abyss','Ataque','Nanoenjambre',78.21,83.99,81.92,43.68,'Killjoy - Nanoenjambre en Abyss','','https://www.youtube.com/watch?v=B5Ee4KehY-4&t=1s',1,'2026-05-28 20:10:24'),(26,1,22,'Abyss','Ataque','Nanoenjambre',92.37,63.29,91.94,45.21,'Killjoy - Nanoenjambre en Abyss','','https://www.youtube.com/watch?v=G4jcb4oEnvA',1,'2026-05-28 20:11:00'),(27,1,22,'Abyss','Defensa','Torreta',43.57,62.20,53.59,66.56,'Killjoy - Torreta en Abyss','','https://www.youtube.com/watch?v=AVTNGx6YgiM&t=1s',1,'2026-05-28 20:11:51'),(28,1,8,'Abyss','Ataque','Flecha explosiva',27.67,64.16,11.55,36.93,'Sova - Flecha explosiva en Abyss','','https://www.youtube.com/watch?v=GFLl3LIsI3M',1,'2026-05-28 20:13:22'),(29,1,8,'Abyss','Ataque','Flecha explosiva',67.76,83.33,90.85,43.46,'Sova - Flecha explosiva en Abyss','','https://www.youtube.com/watch?v=g0pzElY1J50',1,'2026-05-28 20:14:11'),(30,1,8,'Abyss','Ataque','Flecha explosiva',79.30,58.28,81.92,44.77,'Sova - Flecha explosiva en Abyss','','https://www.youtube.com/watch?v=gy6o64u-5j4',1,'2026-05-28 20:14:55'),(31,1,8,'Abyss','Ataque','Proyectil de reconocimiento',59.26,92.27,18.52,32.35,'Sova - Proyectil de reconocimiento en Abyss','','https://www.youtube.com/watch?v=TvcoTuDH_SA',1,'2026-05-28 20:16:17'),(32,1,8,'Abyss','Ataque','Proyectil de reconocimiento',23.97,75.71,11.11,46.95,'Sova - Proyectil de reconocimiento en Abyss','','https://www.youtube.com/watch?v=FDWZCn6d5zM',1,'2026-05-28 20:17:08'),(33,1,8,'Abyss','Ataque','Proyectil de reconocimiento',22.44,63.51,25.71,42.59,'Sova - Proyectil de reconocimiento en Abyss','','https://www.youtube.com/watch?v=1OkgTZqUUmQ&t=2s',1,'2026-05-28 20:17:50'),(34,1,8,'Abyss','Ataque','Proyectil de reconocimiento',57.08,72.22,40.74,34.75,'Sova - Proyectil de reconocimiento en Abyss','','https://www.youtube.com/watch?v=iBbPX113F6M&t=4s',1,'2026-05-28 20:18:37'),(35,1,8,'Abyss','Ataque','Proyectil de reconocimiento',66.45,82.03,86.93,31.05,'Sova - Proyectil de reconocimiento en Abyss','','https://www.youtube.com/watch?v=gLsHv2xzI94',1,'2026-05-28 20:20:30'),(36,1,8,'Abyss','Ataque','Proyectil de reconocimiento',68.41,72.88,88.24,49.78,'Sova - Proyectil de reconocimiento en Abyss','','https://www.youtube.com/watch?v=5PIL-7VbTsE&t=1s',1,'2026-05-28 20:22:01'),(37,1,8,'Abyss','Defensa','Proyectil de reconocimiento',72.98,68.74,89.54,47.82,'Sova - Proyectil de reconocimiento en Abyss','','https://www.youtube.com/watch?v=w7KyZpKrRiw',1,'2026-05-28 20:23:45'),(38,1,8,'Abyss','Defensa','Proyectil de reconocimiento',58.82,60.89,46.84,33.66,'Sova - Proyectil de reconocimiento en Abyss','','https://www.youtube.com/watch?v=fh00ak47HA8',1,'2026-05-28 20:25:36'),(39,1,8,'Abyss','Defensa','Proyectil de reconocimiento',28.76,83.55,14.81,30.17,'Sova - Proyectil de reconocimiento en Abyss','','https://www.youtube.com/watch?v=biZwFiXMuMU',1,'2026-05-28 20:26:21'),(40,1,8,'Abyss','Defensa','Flecha explosiva',13.51,60.68,18.74,44.34,'Sova - Flecha explosiva en Abyss','','https://www.youtube.com/watch?v=r0XGjtRkI6o',1,'2026-05-28 20:27:11'),(41,1,15,'Abyss','Ataque','Nube venenosa',56.86,71.35,44.01,35.84,'Viper - Nube venenosa en Abyss','','https://www.youtube.com/watch?v=qwaWdwEzYro',1,'2026-05-28 20:28:44'),(42,1,15,'Abyss','Ataque','Nube venenosa',93.68,59.80,74.29,48.26,'Viper - Nube venenosa en Abyss','','https://www.youtube.com/watch?v=BoOP5XqSWyM&t=1s',1,'2026-05-28 20:29:15'),(43,1,15,'Abyss','Ataque','Nube venenosa',82.35,65.90,86.49,27.56,'Viper - Nube venenosa en Abyss','','https://www.youtube.com/watch?v=xRD8uO24d7I',1,'2026-05-28 20:30:13'),(44,1,15,'Abyss','Ataque','Veneno de serpiente',78.21,82.68,82.79,44.55,'Viper - Veneno de serpiente en Abyss','','https://www.youtube.com/watch?v=oNe9zM8vEro',1,'2026-05-28 20:30:44'),(45,1,15,'Abyss','Defensa','Nube venenosa',5.66,62.64,15.47,38.45,'Viper - Nube venenosa en Abyss','','https://www.youtube.com/watch?v=ptTHO1PfxbU',1,'2026-05-28 20:31:30'),(46,1,15,'Abyss','Defensa','Pantalla tóxica',38.34,48.04,47.28,37.80,'Viper - Pantalla tóxica en Abyss','','https://www.youtube.com/watch?v=431WV0aT7hI',1,'2026-05-28 20:32:04'),(48,1,22,'Abyss','Ataque','Nanoenjambre',54.41,66.62,53.09,49.08,'Killjoy - Nanoenjambre en Abyss','','',1,'2026-05-28 20:50:24'),(49,1,22,'Abyss','Ataque','Nanoenjambre',54.41,66.62,53.09,49.08,'Killjoy - Nanoenjambre en Abyss','','',1,'2026-05-28 20:50:34'),(50,1,22,'Abyss','Ataque','Nanoenjambre',54.41,66.62,53.09,49.08,'Killjoy - Nanoenjambre en Abyss','','',1,'2026-05-28 20:50:39'),(51,1,22,'Abyss','Ataque','Nanoenjambre',54.41,66.62,53.09,49.08,'Killjoy - Nanoenjambre en Abyss','','https://www.youtube.com/watch?v=OE2xDiq7aOM',1,'2026-05-28 20:50:59'),(52,1,22,'Abyss','Ataque','Nanoenjambre',54.41,66.62,53.09,49.08,'Killjoy - Nanoenjambre en Abyss','','https://www.youtube.com/watch?v=OE2xDiq7aOM',1,'2026-05-28 20:51:01'),(54,1,22,'Abyss','Ataque','Torreta',37.83,53.89,46.64,39.32,'Killjoy - Torreta en Abyss','','',1,'2026-05-28 20:51:18'),(56,1,8,'Abyss','Ataque','Dron de reconocimiento',51.96,53.15,45.67,44.70,'Sova - Dron de reconocimiento en Abyss','','',1,'2026-05-28 21:13:05'),(57,1,8,'Abyss','Ataque','Dron de reconocimiento',80.31,61.60,74.44,47.28,'Sova - Dron de reconocimiento en Abyss','','',1,'2026-05-28 21:15:03'),(58,1,21,'Abyss','Ataque','Hurto neuronal',25.20,56.86,26.25,38.33,'Cypher - Hurto neuronal en Abyss','','',1,'2026-05-28 21:19:55'),(59,1,14,'Ascent','Ataque','Incendiario',24.74,45.14,20.66,25.41,'Brimstone - Incendiario en Ascent','','https://www.youtube.com/watch?v=mYzLnlerAvo',1,'2026-05-29 18:36:11'),(61,1,14,'Ascent','Ataque','Incendiario',21.32,55.27,38.95,26.22,'Brimstone - Incendiario en Ascent','','https://www.youtube.com/watch?v=LIa6UhjRu8g',1,'2026-05-29 18:37:14'),(62,1,14,'Ascent','Ataque','Incendiario',73.82,67.16,83.68,29.19,'Brimstone - Incendiario en Ascent','','https://www.youtube.com/watch?v=j8HZTCTahxY',1,'2026-05-29 18:37:46'),(63,1,14,'Ascent','Ataque','Incendiario',53.29,64.59,53.16,28.11,'Brimstone - Incendiario en Ascent','','https://www.youtube.com/watch?v=g7hSk_zzzE4',1,'2026-05-29 18:38:18'),(64,1,14,'Ascent','Ataque','Cortina de humo',79.61,47.30,79.21,31.49,'Brimstone - Cortina de humo en Ascent','','https://www.youtube.com/watch?v=3khhVwKJwtg',1,'2026-05-29 18:38:44'),(65,1,14,'Ascent','Defensa','Cortina de humo',17.50,49.19,25.13,41.22,'Brimstone - Cortina de humo en Ascent','','https://www.youtube.com/watch?v=zKGvRW8bNHs',1,'2026-05-29 18:39:21'),(66,1,21,'Ascent','Ataque','Prisión cibernética',25.00,36.08,33.03,16.76,'Cypher - Prisión cibernética en Ascent','','https://www.youtube.com/watch?v=-MZT_bsJ7J0',1,'2026-05-29 18:40:07'),(67,1,21,'Ascent','Ataque','Prisión cibernética',25.53,35.81,38.55,26.49,'Cypher - Prisión cibernética en Ascent','','https://www.youtube.com/watch?v=5fU1L7OjRIE',1,'2026-05-29 18:40:43'),(68,1,21,'Ascent','Ataque','Prisión cibernética',41.32,47.03,49.21,39.73,'Cypher - Prisión cibernética en Ascent','','https://www.youtube.com/watch?v=t6uzZNB7FpU',1,'2026-05-29 18:41:11'),(69,1,21,'Ascent','Ataque','Prisión cibernética',73.95,49.59,81.71,29.59,'Cypher - Prisión cibernética en Ascent','','https://www.youtube.com/watch?v=7lC6y84NoGk',1,'2026-05-29 18:41:35'),(70,1,21,'Ascent','Ataque','Cámara espía',71.71,48.24,74.47,49.73,'Cypher - Cámara espía en Ascent','','https://www.youtube.com/watch?v=sJqpYVKn5pc',1,'2026-05-29 18:41:56'),(71,1,21,'Ascent','Defensa','Cámara espía',17.76,66.22,11.71,56.89,'Cypher - Cámara espía en Ascent','','https://www.youtube.com/watch?v=ic6eGQld3xM',1,'2026-05-29 18:42:24'),(72,1,21,'Ascent','Defensa','Cámara espía',17.24,65.54,24.08,55.27,'Cypher - Cámara espía en Ascent','','https://www.youtube.com/watch?v=YYxla-N-mXQ',1,'2026-05-29 18:42:46'),(73,1,21,'Ascent','Defensa','Cámara espía',64.21,59.73,60.26,55.95,'Cypher - Cámara espía en Ascent','','https://www.youtube.com/watch?v=dLqiN-MLSQQ',1,'2026-05-29 18:43:10'),(74,1,21,'Ascent','Defensa','Cámara espía',80.13,57.03,72.37,55.00,'Cypher - Cámara espía en Ascent','','https://www.youtube.com/watch?v=nSqvB-HtHjk',1,'2026-05-29 18:43:32'),(75,1,21,'Ascent','Defensa','Cable trampa',48.29,57.43,48.29,49.46,'Cypher - Cable trampa en Ascent','','https://www.youtube.com/watch?v=YpJ7QFN1MS8',1,'2026-05-29 18:43:55'),(76,1,21,'Ascent','Defensa','Cable trampa',19.47,53.92,17.24,49.05,'Cypher - Cable trampa en Ascent','','https://www.youtube.com/watch?v=-kRQ793hQic',1,'2026-05-29 18:44:21'),(77,1,21,'Ascent','Defensa','Cable trampa',65.53,61.35,63.16,57.97,'Cypher - Cable trampa en Ascent','','https://www.youtube.com/watch?v=7FdYH1wXKto',1,'2026-05-29 18:44:43'),(78,1,22,'Ascent','Ataque','Nanoenjambre',21.05,50.68,38.29,26.08,'Killjoy - Nanoenjambre en Ascent','','https://www.youtube.com/watch?v=p5mU7uM7K0c',1,'2026-05-29 18:45:27'),(79,1,22,'Ascent','Ataque','Nanoenjambre',36.58,41.08,8.95,20.00,'Killjoy - Nanoenjambre en Ascent','','https://www.youtube.com/watch?v=ecJTTNK5WAA',1,'2026-05-29 18:45:48'),(80,1,22,'Ascent','Ataque','Nanoenjambre',29.34,38.92,17.89,25.00,'Killjoy - Nanoenjambre en Ascent','','https://www.youtube.com/watch?v=8JqmQYax-Oo',1,'2026-05-29 18:46:08'),(81,1,22,'Ascent','Ataque','Nanoenjambre',62.76,65.81,49.61,29.32,'Killjoy - Nanoenjambre en Ascent','','https://www.youtube.com/watch?v=kK0VV4nV89o',1,'2026-05-29 18:46:33'),(82,1,22,'Ascent','Ataque','Nanoenjambre',68.29,54.19,82.76,29.05,'Killjoy - Nanoenjambre en Ascent','','https://www.youtube.com/watch?v=eBz-m-FdUhE',1,'2026-05-29 18:47:03'),(83,1,22,'Ascent','Ataque','Torreta',35.66,49.32,43.42,49.32,'Killjoy - Torreta en Ascent','','https://www.youtube.com/watch?v=Xv0ajqOSb7k',1,'2026-05-29 18:47:36'),(84,1,22,'Ascent','Defensa','Torreta',17.50,53.24,12.89,50.81,'Killjoy - Torreta en Ascent','','https://www.youtube.com/watch?v=JIFPyaP8alc',1,'2026-05-29 18:48:08'),(85,1,22,'Ascent','Defensa','Torreta',64.08,57.70,60.26,58.11,'Killjoy - Torreta en Ascent','','https://www.youtube.com/watch?v=kzqJJ5ya0bU&t=1s',1,'2026-05-29 18:48:24'),(86,1,22,'Ascent','Defensa','Nanoenjambre',24.47,75.54,17.76,47.43,'Killjoy - Nanoenjambre en Ascent','','https://www.youtube.com/watch?v=d0wqFJnCkiE',1,'2026-05-29 18:48:48'),(87,1,22,'Ascent','Defensa','Nanoenjambre',61.71,63.65,66.05,59.46,'Killjoy - Nanoenjambre en Ascent','','https://www.youtube.com/watch?v=k7boe-M5dME',1,'2026-05-29 18:49:29'),(88,1,22,'Ascent','Defensa','Nanoenjambre',66.32,65.00,49.87,40.68,'Killjoy - Nanoenjambre en Ascent','','https://www.youtube.com/watch?v=pBDj2euv1Bo',1,'2026-05-29 18:49:55'),(89,1,8,'Ascent','Ataque','Flecha explosiva',21.45,59.86,17.76,25.54,'Sova - Flecha explosiva en Ascent','','https://www.youtube.com/watch?v=tLjYeUU33qI',1,'2026-05-29 18:50:48'),(90,1,8,'Ascent','Ataque','Flecha explosiva',68.55,53.38,83.29,29.32,'Sova - Flecha explosiva en Ascent','','https://www.youtube.com/watch?v=wy7ewor0-T4',1,'2026-05-29 18:51:04'),(91,1,8,'Ascent','Ataque','Flecha explosiva',35.79,50.00,52.50,29.32,'Sova - Flecha explosiva en Ascent','','https://www.youtube.com/watch?v=46Fgo4kaAdw',1,'2026-05-29 18:51:13'),(92,1,8,'Ascent','Ataque','Proyectil de reconocimiento',23.82,50.68,19.61,18.51,'Sova - Proyectil de reconocimiento en Ascent','','https://www.youtube.com/watch?v=fO-OoJ4lg1A',1,'2026-05-29 18:52:10'),(93,1,8,'Ascent','Ataque','Proyectil de reconocimiento',39.87,53.65,52.89,37.97,'Sova - Proyectil de reconocimiento en Ascent','','https://www.youtube.com/watch?v=Pgnf7h_bjVE&t=1s',1,'2026-05-29 18:52:22'),(94,1,8,'Ascent','Ataque','Proyectil de reconocimiento',68.42,58.11,88.95,27.57,'Sova - Proyectil de reconocimiento en Ascent','','https://www.youtube.com/watch?v=bGyovMoayaU',1,'2026-05-29 18:52:42'),(95,1,8,'Ascent','Defensa','Flecha explosiva',27.24,70.41,17.11,59.19,'Sova - Flecha explosiva en Ascent','','https://www.youtube.com/watch?v=p9z8bSnEZ1U',1,'2026-05-29 18:56:04'),(96,1,8,'Ascent','Defensa','Flecha explosiva',57.37,72.57,83.82,64.05,'Sova - Flecha explosiva en Ascent','','https://www.youtube.com/watch?v=MC3VWgcGvh0',1,'2026-05-29 18:56:26'),(97,1,8,'Ascent','Defensa','Proyectil de reconocimiento',30.39,75.95,12.76,44.73,'Sova - Proyectil de reconocimiento en Ascent','','https://www.youtube.com/watch?v=lKYYJj2i_Vs',1,'2026-05-29 18:57:08'),(98,1,8,'Ascent','Defensa','Proyectil de reconocimiento',55.13,64.59,52.50,49.59,'Sova - Proyectil de reconocimiento en Ascent','','https://www.youtube.com/watch?v=hzmUrl_Xb8k&t=1s',1,'2026-05-29 18:57:24'),(99,1,8,'Ascent','Defensa','Proyectil de reconocimiento',50.00,60.14,62.63,54.73,'Sova - Proyectil de reconocimiento en Ascent','','https://www.youtube.com/watch?v=yq66ngFTGo0',1,'2026-05-29 18:57:45'),(100,1,15,'Ascent','Ataque','Veneno de serpiente',21.71,59.73,14.34,29.59,'Viper - Veneno de serpiente en Ascent','','https://www.youtube.com/watch?v=Q7-4Da115kI',1,'2026-05-29 18:58:54'),(101,1,15,'Ascent','Ataque','Veneno de serpiente',21.45,44.32,32.63,17.57,'Viper - Veneno de serpiente en Ascent','','https://www.youtube.com/watch?v=IvPl0nch0_Y',1,'2026-05-29 18:59:11'),(102,1,15,'Ascent','Ataque','Veneno de serpiente',91.32,47.43,78.29,32.57,'Viper - Veneno de serpiente en Ascent','','https://www.youtube.com/watch?v=ndm_pf7pjdY',1,'2026-05-29 18:59:27'),(103,1,15,'Ascent','Ataque','Veneno de serpiente',74.21,51.49,79.21,21.89,'Viper - Veneno de serpiente en Ascent','','https://www.youtube.com/watch?v=1I505umxvYk',1,'2026-05-29 18:59:49'),(104,1,15,'Ascent','Ataque','Nube venenosa',27.63,38.51,24.74,20.54,'Viper - Nube venenosa en Ascent','','https://www.youtube.com/watch?v=nacaefE5qRE',1,'2026-05-29 19:00:28'),(105,1,15,'Ascent','Ataque','Nube venenosa',35.00,50.14,48.29,39.73,'Viper - Nube venenosa en Ascent','','https://www.youtube.com/watch?v=ahHsokA--h8',1,'2026-05-29 19:00:45'),(106,1,15,'Ascent','Ataque','Nube venenosa',68.29,53.38,83.42,32.03,'Viper - Nube venenosa en Ascent','','https://www.youtube.com/watch?v=F65rypth9fE',1,'2026-05-29 19:01:06'),(107,1,15,'Ascent','Defensa','Nube venenosa',24.61,74.86,17.63,48.11,'Viper - Nube venenosa en Ascent','','https://www.youtube.com/watch?v=BiCXfgQrD7Q',1,'2026-05-29 19:01:32'),(108,1,15,'Ascent','Defensa','Nube venenosa',20.92,57.16,26.84,43.11,'Viper - Nube venenosa en Ascent','','https://www.youtube.com/watch?v=r20q3TZwFUI',1,'2026-05-29 19:01:50'),(109,1,15,'Ascent','Defensa','Nube venenosa',55.66,57.70,56.97,62.97,'Viper - Nube venenosa en Ascent','','https://www.youtube.com/watch?v=0nQ_-RNjn4U',1,'2026-05-29 19:02:14'),(110,1,15,'Ascent','Defensa','Nube venenosa',75.79,62.16,70.92,57.16,'Viper - Nube venenosa en Ascent','','https://www.youtube.com/watch?v=ggqKlxFldtI',1,'2026-05-29 19:02:32'),(111,1,15,'Ascent','Defensa','Veneno de serpiente',26.71,72.16,10.79,44.59,'Viper - Veneno de serpiente en Ascent','','https://www.youtube.com/watch?v=gb64pPFLkuY',1,'2026-05-29 19:03:23'),(112,1,15,'Ascent','Defensa','Veneno de serpiente',54.08,76.08,75.66,63.38,'Viper - Veneno de serpiente en Ascent','','https://www.youtube.com/watch?v=CEQvj89uOzU',1,'2026-05-29 19:03:42'),(114,1,14,'Breeze','Ataque','Incendiario',33.16,62.30,16.84,30.14,'Brimstone - Incendiario en Breeze','','https://www.youtube.com/watch?v=DLSsCRDFd28',1,'2026-05-29 19:05:54'),(115,1,14,'Breeze','Ataque','Incendiario',66.84,79.19,87.89,44.73,'Brimstone - Incendiario en Breeze','','https://www.youtube.com/watch?v=pU-8luL9LW4',1,'2026-05-29 19:06:13'),(116,1,14,'Breeze','Defensa','Incendiario',35.92,62.84,10.00,50.81,'Brimstone - Incendiario en Breeze','','https://www.youtube.com/watch?v=dEvgqYvZi6A',1,'2026-05-29 19:06:46'),(117,1,21,'Breeze','Ataque','Cámara espía',32.37,57.43,38.29,58.51,'Cypher - Cámara espía en Breeze','','https://www.youtube.com/watch?v=pNwudwd52n0',1,'2026-05-29 19:07:24'),(118,1,21,'Breeze','Defensa','Cámara espía',22.89,44.73,19.47,38.51,'Cypher - Cámara espía en Breeze','','https://www.youtube.com/watch?v=7vq3MCM6zL4',1,'2026-05-29 19:07:49'),(119,1,21,'Breeze','Defensa','Cámara espía',25.53,44.46,32.24,47.16,'Cypher - Cámara espía en Breeze','','https://www.youtube.com/watch?v=IifBwLtwxus&t=1s',1,'2026-05-29 19:08:05'),(120,1,21,'Breeze','Defensa','Cámara espía',89.74,66.89,94.74,63.51,'Cypher - Cámara espía en Breeze','','https://www.youtube.com/watch?v=ft660xXGJFM',1,'2026-05-29 19:08:20'),(121,1,21,'Breeze','Defensa','Prisión cibernética',28.42,50.00,31.71,50.68,'Cypher - Prisión cibernética en Breeze','','https://www.youtube.com/watch?v=cknEnKyNfLk',1,'2026-05-29 19:08:38'),(122,1,21,'Breeze','Defensa','Prisión cibernética',77.11,68.24,71.71,66.76,'Cypher - Prisión cibernética en Breeze','','https://www.youtube.com/watch?v=DeZCTS4O5nc',1,'2026-05-29 19:08:56'),(123,1,21,'Breeze','Defensa','Cable trampa',19.47,47.57,16.18,43.92,'Cypher - Cable trampa en Breeze','','https://www.youtube.com/watch?v=NdxnBgGYS04',1,'2026-05-29 19:09:23'),(124,1,21,'Breeze','Defensa','Cable trampa',79.47,65.95,81.05,60.95,'Cypher - Cable trampa en Breeze','','https://www.youtube.com/watch?v=WnzWzn1TCII',1,'2026-05-29 19:09:38'),(125,1,22,'Breeze','Ataque','Nanoenjambre',11.58,49.32,14.21,25.54,'Killjoy - Nanoenjambre en Breeze','','https://www.youtube.com/watch?v=l-LYEuq7mmA',1,'2026-05-29 19:10:19'),(126,1,22,'Breeze','Ataque','Nanoenjambre',43.55,59.73,58.68,42.70,'Killjoy - Nanoenjambre en Breeze','','https://www.youtube.com/watch?v=gYi4cKRxidM&t=1s',1,'2026-05-29 19:10:37'),(127,1,22,'Breeze','Ataque','Nanoenjambre',63.42,73.38,86.32,45.81,'Killjoy - Nanoenjambre en Breeze','','https://www.youtube.com/watch?v=Dlf5gyZy_8E',1,'2026-05-29 19:10:54'),(128,1,22,'Breeze','Defensa','Nanoenjambre',32.37,59.32,10.53,50.81,'Killjoy - Nanoenjambre en Breeze','','https://www.youtube.com/watch?v=eZIOKclynWM&t=1s',1,'2026-05-29 19:11:24'),(129,1,22,'Breeze','Defensa','Nanoenjambre',26.32,67.57,22.24,40.14,'Killjoy - Nanoenjambre en Breeze','','https://www.youtube.com/watch?v=iJ2mrrgyqas',1,'2026-05-29 19:11:41'),(130,1,22,'Breeze','Defensa','Nanoenjambre',38.42,48.51,82.89,63.24,'Killjoy - Nanoenjambre en Breeze','','https://www.youtube.com/watch?v=hb9rWx3jrVk&t=1s',1,'2026-05-29 19:12:03'),(131,1,8,'Breeze','Ataque','Flecha explosiva',30.13,58.65,20.53,36.22,'Sova - Flecha explosiva en Breeze','','https://www.youtube.com/watch?v=duA0yWQdwXY&t=1s',1,'2026-05-29 19:13:08'),(132,1,8,'Breeze','Ataque','Flecha explosiva',71.71,60.14,75.79,50.68,'Sova - Flecha explosiva en Breeze','','https://www.youtube.com/watch?v=UWwzKzwnu5g&t=1s',1,'2026-05-29 19:13:23'),(133,1,8,'Breeze','Ataque','Proyectil de reconocimiento',25.53,54.19,16.84,17.97,'Sova - Proyectil de reconocimiento en Breeze','','https://www.youtube.com/watch?v=WHPBhf4afh8&t=1s',1,'2026-05-29 19:14:03'),(134,1,8,'Breeze','Ataque','Proyectil de reconocimiento',49.21,59.46,38.55,23.78,'Sova - Proyectil de reconocimiento en Breeze','','https://www.youtube.com/watch?v=_mfTzu9pTWw',1,'2026-05-29 19:14:24'),(135,1,8,'Breeze','Ataque','Proyectil de reconocimiento',76.32,61.89,91.45,42.43,'Sova - Proyectil de reconocimiento en Breeze','','https://www.youtube.com/watch?v=zlAocEciIaQ',1,'2026-05-29 19:14:45'),(136,1,8,'Breeze','Defensa','Proyectil de reconocimiento',27.11,47.03,23.95,30.00,'Sova - Proyectil de reconocimiento en Breeze','','https://www.youtube.com/watch?v=qzovi9TVbo8',1,'2026-05-29 19:15:09'),(137,1,8,'Breeze','Defensa','Proyectil de reconocimiento',54.34,73.38,79.61,59.46,'Sova - Proyectil de reconocimiento en Breeze','','https://www.youtube.com/watch?v=y9XzghXOiRc&t=1s',1,'2026-05-29 19:15:37'),(138,1,15,'Breeze','Ataque','Veneno de serpiente',33.42,54.05,16.71,27.84,'Viper - Veneno de serpiente en Breeze','','https://www.youtube.com/watch?v=sKZjJrq3TA8&t=1s',1,'2026-05-29 19:16:49'),(139,1,15,'Breeze','Ataque','Veneno de serpiente',69.08,77.97,86.84,44.32,'Viper - Veneno de serpiente en Breeze','','https://www.youtube.com/watch?v=z5iIbBH8YrU&t=1s',1,'2026-05-29 19:17:10'),(140,1,15,'Breeze','Ataque','Nube venenosa',45.79,58.11,44.08,20.00,'Viper - Nube venenosa en Breeze','','https://www.youtube.com/watch?v=MF-3IP0dTs0&t=1s',1,'2026-05-29 19:17:45'),(141,1,15,'Breeze','Ataque','Nube venenosa',45.39,59.46,59.21,42.16,'Viper - Nube venenosa en Breeze','','https://www.youtube.com/watch?v=5kpp9kat5TU&t=1s',1,'2026-05-29 19:18:04'),(142,1,15,'Breeze','Defensa','Veneno de serpiente',34.61,62.43,10.13,50.95,'Viper - Veneno de serpiente en Breeze','','https://www.youtube.com/watch?v=UjkqcI1U4hk&t=1s',1,'2026-05-29 19:18:43'),(143,1,15,'Breeze','Defensa','Veneno de serpiente',64.87,81.22,84.74,65.14,'Viper - Veneno de serpiente en Breeze','','https://www.youtube.com/watch?v=lwNpMQYsQc8&t=1s',1,'2026-05-29 19:19:01'),(148,1,14,'Pearl','Ataque','Incendiario',85.92,58.11,74.87,32.30,'Brimstone - Incendiario en Pearl','','https://www.youtube.com/watch?v=OLjGmWEy4Bw',1,'2026-05-29 19:25:07'),(149,1,14,'Pearl','Ataque','Incendiario',88.16,43.51,88.16,31.08,'Brimstone - Incendiario en Pearl','','https://www.youtube.com/watch?v=S-71BSrbrQk&t=1s',1,'2026-05-29 19:25:59'),(150,1,14,'Pearl','Defensa','Incendiario',80.13,45.14,52.50,42.30,'Brimstone - Incendiario en Pearl','','https://www.youtube.com/watch?v=k0Miie2FxCo&t=1s',1,'2026-05-29 19:26:44'),(151,1,14,'Pearl','Defensa','Incendiario',10.26,69.86,21.58,54.05,'Brimstone - Incendiario en Pearl','','https://www.youtube.com/watch?v=V3DgAH2UB-c&t=1s',1,'2026-05-29 19:27:04'),(152,1,14,'Pearl','Defensa','Incendiario',30.53,62.30,35.26,51.49,'Brimstone - Incendiario en Pearl','','https://www.youtube.com/watch?v=ZPbBOzfXiyo',1,'2026-05-29 19:27:27'),(153,1,21,'Pearl','Ataque','Cámara espía',41.45,67.03,36.58,62.97,'Cypher - Cámara espía en Pearl','','https://www.youtube.com/watch?v=egUnrw9oMuo&t=1s',1,'2026-05-29 19:28:48'),(154,1,21,'Pearl','Ataque','Cámara espía',70.53,66.08,72.11,52.84,'Cypher - Cámara espía en Pearl','','https://www.youtube.com/watch?v=nLVwF_AuwX8&t=1s',1,'2026-05-29 19:29:48'),(155,1,21,'Pearl','Ataque','Cámara espía',42.37,67.03,57.24,69.59,'Cypher - Cámara espía en Pearl','','https://www.youtube.com/watch?v=Drcdr0nV_dA&t=1s',1,'2026-05-29 19:30:07'),(156,1,21,'Pearl','Ataque','Cable trampa',61.97,76.49,66.45,76.22,'Cypher - Cable trampa en Pearl','','https://www.youtube.com/watch?v=h9H7VgFDg20',1,'2026-05-29 19:30:30'),(157,1,21,'Pearl','Defensa','Cámara espía',20.39,63.92,17.50,55.14,'Cypher - Cámara espía en Pearl','','https://www.youtube.com/watch?v=biHdtko-NXc&t=1s',1,'2026-05-29 19:30:57'),(158,1,21,'Pearl','Defensa','Cable trampa',24.47,61.89,22.11,55.54,'Cypher - Cable trampa en Pearl','','https://www.youtube.com/watch?v=ia4AYtQTnF0&t=1s',1,'2026-05-29 19:31:29'),(159,1,21,'Pearl','Defensa','Cable trampa',37.11,54.32,33.95,51.22,'Cypher - Cable trampa en Pearl','','https://www.youtube.com/watch?v=oRyoxoD_Voc&t=1s',1,'2026-05-29 19:31:48'),(160,1,21,'Pearl','Defensa','Cable trampa',58.16,50.41,51.97,42.84,'Cypher - Cable trampa en Pearl','','https://www.youtube.com/watch?v=3o9obYDy_fQ&t=1s',1,'2026-05-29 19:32:06'),(161,1,21,'Pearl','Defensa','Cámara espía',89.61,46.35,94.08,37.03,'Cypher - Cámara espía en Pearl','','https://www.youtube.com/watch?v=EKDry4fhBE8&t=1s',1,'2026-05-29 19:32:22'),(162,1,21,'Pearl','Defensa','Cámara espía',75.00,54.46,79.87,42.97,'Cypher - Cámara espía en Pearl','','https://www.youtube.com/watch?v=WXfp6kw3Hkk&t=1s',1,'2026-05-29 19:32:41'),(163,1,21,'Pearl','Ataque','Cable trampa',42.24,79.32,36.45,78.65,'Cypher - Cable trampa en Pearl','','https://www.youtube.com/watch?v=b3MNH4gFgAE',1,'2026-05-29 19:33:13'),(164,1,22,'Pearl','Ataque','Torreta',27.76,70.68,20.66,66.89,'Killjoy - Torreta en Pearl','','https://www.youtube.com/watch?v=ezKVvqgeuPA&t=1s',1,'2026-05-29 19:34:09'),(165,1,22,'Pearl','Ataque','Torreta',62.63,69.05,59.61,67.03,'Killjoy - Torreta en Pearl','','https://www.youtube.com/watch?v=HInFsxZgbYw&t=1s',1,'2026-05-29 19:34:24'),(166,1,22,'Pearl','Ataque','Nanoenjambre',40.79,80.81,6.05,54.59,'Killjoy - Nanoenjambre en Pearl','','https://www.youtube.com/watch?v=dwBMSCZgbV8&t=1s',1,'2026-05-29 19:34:42'),(167,1,22,'Pearl','Ataque','Nanoenjambre',41.97,68.38,45.13,41.22,'Killjoy - Nanoenjambre en Pearl','','https://www.youtube.com/watch?v=2pRxWpKwiko',1,'2026-05-29 19:35:06'),(168,1,22,'Pearl','Ataque','Nanoenjambre',81.58,57.84,81.05,29.19,'Killjoy - Nanoenjambre en Pearl','','https://www.youtube.com/watch?v=hYbY6gG5MNw&t=1s',1,'2026-05-29 19:35:23'),(169,1,22,'Pearl','Defensa','Nanoenjambre',24.08,56.89,20.53,36.35,'Killjoy - Nanoenjambre en Pearl','','https://www.youtube.com/watch?v=ZgLrOsIhxMc',1,'2026-05-29 19:35:51'),(170,1,22,'Pearl','Defensa','Nanoenjambre',38.16,84.59,20.39,62.97,'Killjoy - Nanoenjambre en Pearl','','https://www.youtube.com/watch?v=U27rDIJ-N0g&t=1s',1,'2026-05-29 19:36:10'),(171,1,22,'Pearl','Defensa','Nanoenjambre',40.00,54.59,23.68,54.59,'Killjoy - Nanoenjambre en Pearl','','https://www.youtube.com/watch?v=aJ0Vp_6jyhw&t=1s',1,'2026-05-29 19:36:45'),(172,1,22,'Pearl','Defensa','Nanoenjambre',39.74,84.86,13.82,58.78,'Killjoy - Nanoenjambre en Pearl','','https://www.youtube.com/watch?v=J6BFBWZbSdk&t=1s',1,'2026-05-29 19:37:20'),(173,1,8,'Pearl','Ataque','Flecha explosiva',81.32,58.65,81.05,28.65,'Sova - Flecha explosiva en Pearl','','https://www.youtube.com/watch?v=y0xnUFBsLjQ',1,'2026-05-29 19:38:55'),(174,1,8,'Pearl','Ataque','Flecha explosiva',43.29,78.24,47.76,47.16,'Sova - Flecha explosiva en Pearl','','https://www.youtube.com/watch?v=4987hL0el8s&t=1s',1,'2026-05-29 19:39:34'),(175,1,8,'Pearl','Ataque','Proyectil de reconocimiento',42.89,69.46,38.29,45.27,'Sova - Proyectil de reconocimiento en Pearl','','https://www.youtube.com/watch?v=UPZ_AotLk9w&t=1s',1,'2026-05-29 19:40:01'),(176,1,8,'Pearl','Ataque','Proyectil de reconocimiento',41.58,63.11,56.05,27.57,'Sova - Proyectil de reconocimiento en Pearl','','https://www.youtube.com/watch?v=YAT1eUV1Enc&t=1s',1,'2026-05-29 19:40:30'),(177,1,8,'Pearl','Ataque','Proyectil de reconocimiento',76.58,63.78,76.84,30.81,'Sova - Proyectil de reconocimiento en Pearl','','https://www.youtube.com/watch?v=KssaodtCYPA&t=1s',1,'2026-05-29 19:40:51'),(178,1,8,'Pearl','Ataque','Proyectil de reconocimiento',91.05,58.51,85.39,33.92,'Sova - Proyectil de reconocimiento en Pearl','','https://www.youtube.com/watch?v=S_T281A9Jqk&t=1s',1,'2026-05-29 19:41:12'),(179,1,8,'Pearl','Defensa','Proyectil de reconocimiento',35.53,53.38,23.03,54.73,'Sova - Proyectil de reconocimiento en Pearl','','https://www.youtube.com/watch?v=_V_XtPy85tI&t=1s',1,'2026-05-29 19:43:19'),(180,1,8,'Pearl','Defensa','Proyectil de reconocimiento',20.00,63.24,20.92,33.65,'Sova - Proyectil de reconocimiento en Pearl','','https://www.youtube.com/watch?v=c0Ma0AAljZs&t=1s',1,'2026-05-29 19:43:38'),(181,1,8,'Pearl','Defensa','Proyectil de reconocimiento',56.05,49.86,56.71,32.43,'Sova - Proyectil de reconocimiento en Pearl','','https://www.youtube.com/watch?v=RVZm0uaH-mE&t=1s',1,'2026-05-29 19:43:59'),(182,1,8,'Pearl','Defensa','Proyectil de reconocimiento',81.05,61.76,84.21,23.24,'Sova - Proyectil de reconocimiento en Pearl','','https://www.youtube.com/watch?v=HCLISO9uOmA&t=1s',1,'2026-05-29 19:45:26'),(183,1,15,'Pearl','Defensa','Nube venenosa',58.03,50.81,45.39,26.35,'Viper - Nube venenosa en Pearl','','https://www.youtube.com/watch?v=tOdlQ4ZZv0I&t=5s',1,'2026-05-29 19:47:25'),(184,1,15,'Pearl','Defensa','Veneno de serpiente',80.53,42.97,13.42,60.41,'Viper - Veneno de serpiente en Pearl','','https://www.youtube.com/watch?v=yKgTLaTP1zw&t=1s',1,'2026-05-29 19:47:48'),(185,1,15,'Pearl','Defensa','Veneno de serpiente',51.58,48.78,59.34,32.03,'Viper - Veneno de serpiente en Pearl','','https://www.youtube.com/watch?v=uCmTXZwpCmI',1,'2026-05-29 19:48:16'),(186,1,15,'Pearl','Defensa','Veneno de serpiente',62.89,76.49,20.66,54.86,'Viper - Veneno de serpiente en Pearl','','https://www.youtube.com/watch?v=1a6wBn76yuk&t=1s',1,'2026-05-29 19:48:44'),(187,1,15,'Pearl','Defensa','Nube venenosa',31.97,50.14,43.68,40.81,'Viper - Nube venenosa en Pearl','','https://www.youtube.com/watch?v=fLOqXyPCav8&t=3s',1,'2026-05-29 19:49:09'),(188,1,14,'Haven','Ataque','Incendiario',13.95,71.62,17.37,28.65,'Brimstone - Incendiario en Haven','','https://www.youtube.com/watch?v=ctxM8eZtS90&t=1s',1,'2026-05-29 19:58:54'),(189,1,14,'Haven','Ataque','Incendiario',24.34,58.78,22.89,37.84,'Brimstone - Incendiario en Haven','','https://www.youtube.com/watch?v=iqtsd-alxuo',1,'2026-05-29 19:59:16'),(190,1,14,'Haven','Ataque','Incendiario',36.18,54.59,39.21,38.65,'Brimstone - Incendiario en Haven','','https://www.youtube.com/watch?v=9VEkAwuNCN8&t=2s',1,'2026-05-29 19:59:53'),(191,1,14,'Haven','Ataque','Incendiario',57.24,63.38,51.84,40.95,'Brimstone - Incendiario en Haven','','https://www.youtube.com/watch?v=1wvCk0wUxnM&t=2s',1,'2026-05-29 20:00:13'),(192,1,14,'Haven','Ataque','Incendiario',69.47,45.81,83.95,37.16,'Brimstone - Incendiario en Haven','','https://www.youtube.com/watch?v=UrlVwJ3UEEU',1,'2026-05-29 20:01:41'),(193,1,14,'Haven','Defensa','Incendiario',17.50,62.30,11.71,52.03,'Brimstone - Incendiario en Haven','','https://www.youtube.com/watch?v=QbU6IJUdO3k',1,'2026-05-29 20:02:05'),(194,1,14,'Haven','Defensa','Incendiario',38.16,57.43,46.45,49.86,'Brimstone - Incendiario en Haven','','https://www.youtube.com/watch?v=6LjgP3oIH1M',1,'2026-05-29 20:02:23'),(195,1,14,'Haven','Defensa','Incendiario',55.39,63.24,76.58,56.76,'Brimstone - Incendiario en Haven','','https://www.youtube.com/watch?v=UnwclTwdxXY',1,'2026-05-29 20:02:42'),(196,1,14,'Haven','Defensa','Incendiario',69.74,51.08,59.61,42.57,'Brimstone - Incendiario en Haven','','https://www.youtube.com/watch?v=Hj65w01htrA',1,'2026-05-29 20:03:04'),(197,1,14,'Haven','Defensa','Incendiario',30.26,65.14,23.68,63.51,'Brimstone - Incendiario en Haven','','https://www.youtube.com/watch?v=HIu3i0td9QI',1,'2026-05-29 20:03:24'),(198,1,14,'Haven','Defensa','Incendiario',64.21,50.95,81.05,46.49,'Brimstone - Incendiario en Haven','','https://www.youtube.com/watch?v=fhaTvcO_VVE',1,'2026-05-29 20:04:52'),(199,1,21,'Haven','Ataque','Prisión cibernética',17.89,48.51,29.47,43.78,'Cypher - Prisión cibernética en Haven','','https://www.youtube.com/watch?v=is9MwOBs6GY',1,'2026-05-29 20:06:02'),(200,1,21,'Haven','Ataque','Prisión cibernética',81.58,37.43,76.58,27.03,'Cypher - Prisión cibernética en Haven','','https://www.youtube.com/watch?v=5nRGBJvcIEg',1,'2026-05-29 20:06:20'),(201,1,21,'Haven','Ataque','Cámara espía',44.74,67.84,36.84,65.27,'Cypher - Cámara espía en Haven','','https://www.youtube.com/watch?v=pwlaGVNS_U8',1,'2026-05-29 20:06:46'),(202,1,21,'Haven','Ataque','Cable trampa',40.66,75.41,35.53,74.19,'Cypher - Cable trampa en Haven','','https://www.youtube.com/watch?v=BWrLo5XN-a4',1,'2026-05-29 20:07:06'),(203,1,21,'Haven','Ataque','Cable trampa',63.03,65.00,62.89,55.41,'Cypher - Cable trampa en Haven','','https://www.youtube.com/watch?v=bvbTlUMocgQ',1,'2026-05-29 20:07:20'),(204,1,21,'Haven','Ataque','Prisión cibernética',91.71,52.70,85.92,44.05,'Cypher - Prisión cibernética en Haven','','https://www.youtube.com/watch?v=AECN69DhqgM',1,'2026-05-29 20:07:42'),(205,1,21,'Haven','Defensa','Prisión cibernética',12.11,53.92,13.42,44.59,'Cypher - Prisión cibernética en Haven','','https://www.youtube.com/watch?v=SZXMCgKEnDs',1,'2026-05-29 20:09:22'),(206,1,21,'Haven','Defensa','Cámara espía',12.76,65.95,24.87,63.65,'Cypher - Cámara espía en Haven','','https://www.youtube.com/watch?v=ycsIpNBSdkk',1,'2026-05-29 20:09:47'),(207,1,21,'Haven','Defensa','Cable trampa',24.34,55.68,18.42,52.03,'Cypher - Cable trampa en Haven','','https://www.youtube.com/watch?v=6CJYDQ5neng',1,'2026-05-29 20:10:07'),(208,1,21,'Haven','Defensa','Cable trampa',41.97,54.05,47.11,51.22,'Cypher - Cable trampa en Haven','','https://www.youtube.com/watch?v=uM0l9wHtMkY',1,'2026-05-29 20:10:20'),(209,1,21,'Haven','Defensa','Cable trampa',83.42,54.59,80.13,48.24,'Cypher - Cable trampa en Haven','','https://www.youtube.com/watch?v=rBxV2GPEv8A',1,'2026-05-29 20:10:41'),(210,1,21,'Haven','Defensa','Cable trampa',64.08,51.89,59.08,47.84,'Cypher - Cable trampa en Haven','','https://www.youtube.com/watch?v=KIaP3iQgL1o',1,'2026-05-29 20:10:54'),(211,1,22,'Haven','Ataque','Nanoenjambre',15.26,71.49,20.66,37.30,'Killjoy - Nanoenjambre en Haven','','https://www.youtube.com/watch?v=6NmCZTMQcPM',1,'2026-05-29 20:12:41'),(212,1,22,'Haven','Ataque','Nanoenjambre',57.37,76.08,51.97,40.27,'Killjoy - Nanoenjambre en Haven','','https://www.youtube.com/watch?v=BMJPXhdIJRo',1,'2026-05-29 20:13:00'),(213,1,22,'Haven','Ataque','Nanoenjambre',91.05,56.08,82.89,35.95,'Killjoy - Nanoenjambre en Haven','','https://www.youtube.com/watch?v=Eka6RxPIAf4',1,'2026-05-29 20:13:17'),(214,1,22,'Haven','Ataque','Torreta',56.32,65.27,50.92,63.38,'Killjoy - Torreta en Haven','','https://www.youtube.com/watch?v=HQ3Ns0x_cfw',1,'2026-05-29 20:13:34'),(215,1,22,'Haven','Defensa','Nanoenjambre',30.26,63.24,8.29,40.68,'Killjoy - Nanoenjambre en Haven','','https://www.youtube.com/watch?v=dVFKj_LSNNA',1,'2026-05-29 20:14:04'),(216,1,22,'Haven','Defensa','Torreta',20.66,54.46,15.92,48.92,'Killjoy - Torreta en Haven','','https://www.youtube.com/watch?v=xPQpkYxGASU',1,'2026-05-29 20:14:40'),(217,1,22,'Haven','Defensa','Torreta',59.74,45.68,63.16,50.14,'Killjoy - Torreta en Haven','','https://www.youtube.com/watch?v=5Qcs-5Wg_14',1,'2026-05-29 20:14:55'),(218,1,22,'Haven','Defensa','Nanoenjambre',56.45,62.43,78.03,37.16,'Killjoy - Nanoenjambre en Haven','','https://www.youtube.com/watch?v=LqDfkk8_cF0',1,'2026-05-29 20:15:14'),(219,1,22,'Haven','Defensa','Nanoenjambre',67.11,69.73,81.58,58.24,'Killjoy - Nanoenjambre en Haven','','https://www.youtube.com/watch?v=eRCsyDx4-T4',1,'2026-05-29 20:15:29'),(220,1,8,'Haven','Ataque','Proyectil de reconocimiento',25.26,70.95,11.71,32.30,'Sova - Proyectil de reconocimiento en Haven','','https://www.youtube.com/watch?v=K64Vs20QLuU',1,'2026-05-29 20:16:04'),(221,1,8,'Haven','Ataque','Proyectil de reconocimiento',57.89,63.92,51.97,40.14,'Sova - Proyectil de reconocimiento en Haven','','https://www.youtube.com/watch?v=FSYIcc4nQzY',1,'2026-05-29 20:16:24'),(222,1,8,'Haven','Ataque','Proyectil de reconocimiento',64.34,74.73,87.63,32.16,'Sova - Proyectil de reconocimiento en Haven','','https://www.youtube.com/watch?v=eNE62pMzTIw',1,'2026-05-29 20:16:51'),(223,1,8,'Haven','Ataque','Flecha explosiva',58.95,75.68,47.76,39.32,'Sova - Flecha explosiva en Haven','','https://www.youtube.com/watch?v=8OmcYh6O4B4',1,'2026-05-29 20:17:20'),(224,1,8,'Haven','Defensa','Flecha explosiva',8.68,52.16,40.00,26.35,'Sova - Flecha explosiva en Haven','','https://www.youtube.com/watch?v=pLYw3lVTIeo',1,'2026-05-29 20:17:41'),(225,1,15,'Haven','Ataque','Veneno de serpiente',25.13,72.43,11.58,31.35,'Viper - Veneno de serpiente en Haven','','https://www.youtube.com/watch?v=fuEIHx4mJqw',1,'2026-05-29 20:18:15'),(226,1,15,'Haven','Ataque','Veneno de serpiente',54.61,64.59,51.32,40.00,'Viper - Veneno de serpiente en Haven','','https://www.youtube.com/watch?v=SEPX3GNDn9Q',1,'2026-05-29 20:19:04'),(227,1,15,'Haven','Ataque','Veneno de serpiente',72.50,62.43,82.24,33.24,'Viper - Veneno de serpiente en Haven','','https://www.youtube.com/watch?v=9jiDIkHwHQU',1,'2026-05-29 20:19:22'),(228,1,15,'Haven','Ataque','Nube venenosa',28.42,70.41,29.47,27.16,'Viper - Nube venenosa en Haven','','https://www.youtube.com/watch?v=rNoYoda_phE',1,'2026-05-29 20:19:49'),(229,1,15,'Haven','Ataque','Nube venenosa',73.82,62.84,78.55,28.11,'Viper - Nube venenosa en Haven','','https://www.youtube.com/watch?v=vVIViJYs_ow',1,'2026-05-29 20:20:06'),(231,1,15,'Haven','Defensa','Veneno de serpiente',30.79,64.05,11.84,51.76,'Viper - Veneno de serpiente en Haven','','https://www.youtube.com/watch?v=GFTQztQ-0qc&t=5s',1,'2026-05-29 20:21:03'),(232,1,15,'Haven','Defensa','Veneno de serpiente',54.61,60.68,46.97,50.81,'Viper - Veneno de serpiente en Haven','','https://www.youtube.com/watch?v=lQEJhB7BnaA&t=11s',1,'2026-05-29 20:21:18'),(233,1,15,'Haven','Defensa','Veneno de serpiente',56.32,63.65,81.18,46.89,'Viper - Veneno de serpiente en Haven','','https://www.youtube.com/watch?v=Jwk4jQ73U44',1,'2026-05-29 20:21:33'),(234,1,15,'Haven','Defensa','Nube venenosa',63.42,55.68,59.87,44.19,'Viper - Nube venenosa en Haven','','https://www.youtube.com/watch?v=wmJJn2kRbNI',1,'2026-05-29 20:21:51'),(235,1,15,'Haven','Defensa','Nube venenosa',31.05,83.24,20.53,55.81,'Viper - Nube venenosa en Haven','','https://www.youtube.com/watch?v=xvdkmfysUqM',1,'2026-05-29 20:22:06'),(238,1,14,'Split','Ataque','Incendiario',18.82,67.57,20.79,22.03,'Brimstone - Incendiario en Split','','https://www.youtube.com/watch?v=sbTVE2pA7wQ',1,'2026-05-29 20:24:55'),(239,1,14,'Split','Ataque','Incendiario',8.68,51.35,14.08,32.43,'Brimstone - Incendiario en Split','','https://www.youtube.com/watch?v=6plBwR3-B1Y',1,'2026-05-29 20:25:18'),(240,1,14,'Split','Ataque','Incendiario',37.89,67.97,51.71,47.16,'Brimstone - Incendiario en Split','','https://www.youtube.com/watch?v=J2waQUyzfAg',1,'2026-05-29 20:25:38'),(241,1,14,'Split','Ataque','Incendiario',65.53,52.97,90.66,31.08,'Brimstone - Incendiario en Split','','https://www.youtube.com/watch?v=laph0_sUO4E',1,'2026-05-29 20:26:01'),(242,1,14,'Split','Ataque','Incendiario',89.34,65.00,95.13,22.03,'Brimstone - Incendiario en Split','','https://www.youtube.com/watch?v=4lEiNRfX5I0',1,'2026-05-29 20:26:20'),(243,1,14,'Split','Defensa','Incendiario',38.42,62.16,11.84,62.43,'Brimstone - Incendiario en Split','','https://www.youtube.com/watch?v=AhFVa1X5IEM',1,'2026-05-29 20:26:42'),(244,1,14,'Split','Defensa','Incendiario',8.29,65.14,22.63,36.08,'Brimstone - Incendiario en Split','','https://www.youtube.com/watch?v=2Y2mZSpvr4Q',1,'2026-05-29 20:27:01'),(245,1,14,'Split','Defensa','Incendiario',61.18,46.22,79.47,54.46,'Brimstone - Incendiario en Split','','https://www.youtube.com/watch?v=TtnSdUoHjFg',1,'2026-05-29 20:27:22'),(246,1,21,'Split','Ataque','Cable trampa',25.53,66.76,21.18,58.65,'Cypher - Cable trampa en Split','','https://www.youtube.com/watch?v=iC29rp_lcsk',1,'2026-05-29 20:28:02'),(247,1,21,'Split','Ataque','Prisión cibernética',13.42,32.43,21.45,24.73,'Cypher - Prisión cibernética en Split','','https://www.youtube.com/watch?v=DKkfwFILfTg',1,'2026-05-29 20:29:16'),(248,1,21,'Split','Ataque','Prisión cibernética',51.97,59.05,49.87,40.14,'Cypher - Prisión cibernética en Split','','https://www.youtube.com/watch?v=nhUlstxj4D0',1,'2026-05-29 20:29:33'),(249,1,21,'Split','Ataque','Prisión cibernética',90.79,63.51,81.58,43.24,'Cypher - Prisión cibernética en Split','','https://www.youtube.com/watch?v=y4xTU7ZBTRs',1,'2026-05-29 20:29:47'),(250,1,21,'Split','Ataque','Prisión cibernética',90.39,61.89,73.68,48.38,'Cypher - Prisión cibernética en Split','','https://www.youtube.com/watch?v=svwKBE50uyk',1,'2026-05-29 20:30:10'),(251,1,21,'Split','Defensa','Cámara espía',24.74,56.76,14.21,45.27,'Cypher - Cámara espía en Split','','https://www.youtube.com/watch?v=h4tkPZVf_EQ',1,'2026-05-29 20:30:38'),(252,1,21,'Split','Defensa','Cámara espía',42.50,48.78,47.11,52.70,'Cypher - Cámara espía en Split','','https://www.youtube.com/watch?v=96CNaAp0UBo',1,'2026-05-29 20:30:57'),(253,1,21,'Split','Defensa','Cámara espía',69.87,59.46,82.24,62.43,'Cypher - Cámara espía en Split','','https://www.youtube.com/watch?v=JqsHNt3rvhc&t=2s',1,'2026-05-29 20:31:12'),(254,1,21,'Split','Defensa','Cable trampa',25.00,54.46,20.26,52.43,'Cypher - Cable trampa en Split','','https://www.youtube.com/watch?v=v4PrIIhl2sc',1,'2026-05-29 20:31:28'),(255,1,21,'Split','Defensa','Cable trampa',57.11,44.19,50.13,42.57,'Cypher - Cable trampa en Split','','https://www.youtube.com/watch?v=BZrIUeaT0WY',1,'2026-05-29 20:31:55'),(256,1,21,'Split','Defensa','Cable trampa',85.13,52.30,86.05,48.65,'Cypher - Cable trampa en Split','','https://www.youtube.com/watch?v=yaouOz_kxTM&t=4s',1,'2026-05-29 20:32:10'),(257,1,22,'Split','Ataque','Nanoenjambre',8.29,50.68,14.21,25.95,'Killjoy - Nanoenjambre en Split','','https://www.youtube.com/watch?v=KRF1Z2R7Ob8',1,'2026-05-30 01:03:05'),(258,1,22,'Split','Ataque','Nanoenjambre',20.13,64.05,20.39,30.41,'Killjoy - Nanoenjambre en Split','','https://www.youtube.com/watch?v=KRF1Z2R7Ob8',1,'2026-05-30 01:03:18'),(259,1,22,'Split','Ataque','Nanoenjambre',50.66,62.70,49.87,42.43,'Killjoy - Nanoenjambre en Split','','https://www.youtube.com/watch?v=KRF1Z2R7Ob8',1,'2026-05-30 01:03:24'),(260,1,22,'Split','Ataque','Nanoenjambre',96.05,62.16,78.29,37.43,'Killjoy - Nanoenjambre en Split','','https://www.youtube.com/watch?v=UPGDw4fBq9M&t=1s',1,'2026-05-30 01:03:31'),(261,1,22,'Split','Ataque','Nanoenjambre',90.26,66.49,94.74,30.00,'Killjoy - Nanoenjambre en Split','','https://www.youtube.com/watch?v=IJH9b-qZrxw&t=1s',1,'2026-05-30 01:04:17'),(262,1,22,'Split','Defensa','Nanoenjambre',31.32,45.27,52.63,43.65,'Killjoy - Nanoenjambre en Split','','https://www.youtube.com/watch?v=JCRF153VFSo&t=1s',1,'2026-05-30 01:04:57'),(263,1,22,'Split','Defensa','Nanoenjambre',33.55,37.16,7.89,52.57,'Killjoy - Nanoenjambre en Split','','https://www.youtube.com/watch?v=LrINlyu3FrM',1,'2026-05-30 01:05:24'),(264,1,22,'Split','Defensa','Nanoenjambre',64.87,72.03,85.00,54.05,'Killjoy - Nanoenjambre en Split','','https://www.youtube.com/watch?v=m1Ea95LbFKQ&t=1s',1,'2026-05-30 01:05:44'),(265,1,22,'Split','Defensa','Torreta',30.13,60.00,24.87,63.51,'Killjoy - Torreta en Split','','https://www.youtube.com/watch?v=uqHbfHGVQp0',1,'2026-05-30 01:06:02'),(266,1,22,'Split','Defensa','Torreta',82.24,50.00,90.66,47.84,'Killjoy - Torreta en Split','','https://www.youtube.com/watch?v=QNO4Bh3lb1M&t=1s',1,'2026-05-30 01:06:23'),(267,1,8,'Split','Ataque','Proyectil de reconocimiento',25.92,59.19,10.13,25.27,'Sova - Proyectil de reconocimiento en Split','','https://www.youtube.com/watch?v=SaPa3weOIts&t=1s',1,'2026-05-30 01:07:08'),(268,1,8,'Split','Ataque','Proyectil de reconocimiento',37.37,68.51,41.05,47.03,'Sova - Proyectil de reconocimiento en Split','','https://www.youtube.com/watch?v=2JM3dm6gKuM&t=1s',1,'2026-05-30 01:07:33'),(269,1,8,'Split','Ataque','Proyectil de reconocimiento',88.68,54.46,84.47,26.08,'Sova - Proyectil de reconocimiento en Split','','https://www.youtube.com/watch?v=izHpyWJmr5A&t=7s',1,'2026-05-30 01:09:52'),(270,1,8,'Split','Ataque','Flecha explosiva',8.03,50.95,13.68,32.57,'Sova - Flecha explosiva en Split','','https://www.youtube.com/watch?v=yKO21w6eBCA&t=1s',1,'2026-05-30 01:10:24'),(271,1,8,'Split','Defensa','Proyectil de reconocimiento',33.68,58.65,8.16,50.41,'Sova - Proyectil de reconocimiento en Split','','https://www.youtube.com/watch?v=LnxQFbn-PQU',1,'2026-05-30 01:13:48'),(272,1,8,'Split','Defensa','Proyectil de reconocimiento',28.16,62.84,11.84,44.46,'Sova - Proyectil de reconocimiento en Split','','https://www.youtube.com/watch?v=IqmqQf-q0gk',1,'2026-05-30 01:14:07'),(273,1,8,'Split','Defensa','Proyectil de reconocimiento',51.84,72.84,46.32,36.08,'Sova - Proyectil de reconocimiento en Split','','https://www.youtube.com/watch?v=ybdOGrmif4E',1,'2026-05-30 01:14:24'),(274,1,8,'Split','Defensa','Proyectil de reconocimiento',76.84,52.57,72.37,32.30,'Sova - Proyectil de reconocimiento en Split','','https://www.youtube.com/watch?v=6iWlIa-yCr4',1,'2026-05-30 01:14:38'),(275,1,8,'Split','Defensa','Proyectil de reconocimiento',61.18,47.57,83.68,62.70,'Sova - Proyectil de reconocimiento en Split','','https://www.youtube.com/watch?v=WyGvAnwmrnM',1,'2026-05-30 01:14:59'),(276,1,8,'Split','Defensa','Flecha explosiva',37.76,62.57,12.11,64.19,'Sova - Flecha explosiva en Split','','https://www.youtube.com/watch?v=lcB-GEvKoik',1,'2026-05-30 01:15:21');
/*!40000 ALTER TABLE `lineup` ENABLE KEYS */;
UNLOCK TABLES;

--
-- Table structure for table `mensaje`
--

DROP TABLE IF EXISTS `mensaje`;
/*!40101 SET @saved_cs_client     = @@character_set_client */;
/*!40101 SET character_set_client = utf8 */;
CREATE TABLE `mensaje` (
  `id` int(11) NOT NULL AUTO_INCREMENT,
  `emisor_id` int(11) NOT NULL,
  `receptor_id` int(11) NOT NULL,
  `contenido` text NOT NULL,
  `tipo` enum('text','valorant_code','discord_link','discord_id','riot_id') NOT NULL DEFAULT 'text',
  `leido` tinyint(1) NOT NULL DEFAULT 0,
  `creado_en` datetime NOT NULL DEFAULT current_timestamp(),
  PRIMARY KEY (`id`),
  KEY `FK_me_emisor` (`emisor_id`),
  KEY `FK_me_receptor` (`receptor_id`),
  CONSTRAINT `FK_me_emisor` FOREIGN KEY (`emisor_id`) REFERENCES `usuario` (`id`) ON DELETE CASCADE,
  CONSTRAINT `FK_me_receptor` FOREIGN KEY (`receptor_id`) REFERENCES `usuario` (`id`) ON DELETE CASCADE
) ENGINE=InnoDB AUTO_INCREMENT=38 DEFAULT CHARSET=utf8mb4 COLLATE=utf8mb4_unicode_ci;
/*!40101 SET character_set_client = @saved_cs_client */;

--
-- Dumping data for table `mensaje`
--

LOCK TABLES `mensaje` WRITE;
/*!40000 ALTER TABLE `mensaje` DISABLE KEYS */;
INSERT INTO `mensaje` VALUES (8,6,20,'buena esa clutch del otro d?a','text',1,'2026-04-14 00:19:12'),(9,20,6,'jaja gracias','text',1,'2026-04-14 00:21:12'),(10,6,20,'mi discord: 392847192837182746','discord_id',1,'2026-04-18 23:19:12'),(11,20,13,'tienes c?digo?','text',1,'2026-04-18 21:19:12'),(12,13,20,'#DHX74K2','valorant_code',1,'2026-04-18 23:09:12'),(13,4,20,'no jugaste ayer','text',1,'2026-04-09 00:19:12'),(14,20,4,'estaba estudiando','text',1,'2026-04-09 00:22:12'),(15,20,13,'#DHX74K2','valorant_code',0,'2026-04-20 09:51:07'),(19,8,20,'?Hola! ?Te animas a unas rankeadas esta noche?','text',1,'2026-04-20 09:07:49'),(20,20,8,'Claro, ?a qu? hora?','text',1,'2026-04-20 09:09:49'),(21,8,20,'A las 22:30. Te paso el Discord del grupo:','text',1,'2026-04-20 09:15:49'),(22,8,20,'https://discord.gg/valorant-esp','discord_link',1,'2026-04-20 09:15:49'),(23,20,8,'Apunta mi Discord ID, te a?ado:','text',1,'2026-04-20 09:20:49'),(24,20,8,'287653219054923776','discord_id',1,'2026-04-20 09:20:49'),(25,8,20,'?Y tu Riot ID para invitarte al grupo?','text',1,'2026-04-20 09:27:49'),(26,20,8,'GoldRush#EUW','riot_id',1,'2026-04-20 09:28:49'),(27,8,20,'Perfecto. El m?o por si acaso:','text',1,'2026-04-20 09:30:49'),(28,8,20,'GoldStandard#1234','riot_id',1,'2026-04-20 09:30:49'),(29,8,20,'C?digo del grupo privado para esta noche:','text',1,'2026-04-20 09:43:49'),(30,8,20,'#VALO2026','valorant_code',1,'2026-04-20 09:43:49'),(31,20,8,'Genial. Prueba tambi?n con este si falla:','text',1,'2026-04-20 09:45:49'),(32,20,8,'VAL-GOLD-2026','valorant_code',1,'2026-04-20 09:45:49'),(33,8,20,'Nos vemos en Discord ??','text',1,'2026-04-20 09:50:49'),(34,20,8,'Entrando ya','text',0,'2026-04-20 09:53:49'),(35,20,8,'holaquetal#2343','riot_id',0,'2026-04-20 09:57:16'),(36,23,1,'hola picha','text',1,'2026-05-28 00:49:49'),(37,23,1,'dajbahbd#434','riot_id',1,'2026-05-28 00:50:04');
/*!40000 ALTER TABLE `mensaje` ENABLE KEYS */;
UNLOCK TABLES;

--
-- Table structure for table `usuario`
--

DROP TABLE IF EXISTS `usuario`;
/*!40101 SET @saved_cs_client     = @@character_set_client */;
/*!40101 SET character_set_client = utf8 */;
CREATE TABLE `usuario` (
  `id` int(11) NOT NULL AUTO_INCREMENT,
  `username` varchar(50) NOT NULL,
  `email` varchar(100) NOT NULL,
  `password_hash` varchar(255) NOT NULL,
  `rango` enum('Sin clasificar','Iron 1','Iron 2','Iron 3','Bronze 1','Bronze 2','Bronze 3','Silver 1','Silver 2','Silver 3','Gold 1','Gold 2','Gold 3','Platinum 1','Platinum 2','Platinum 3','Diamond 1','Diamond 2','Diamond 3','Ascendant 1','Ascendant 2','Ascendant 3','Immortal 1','Immortal 2','Immortal 3','Radiant') NOT NULL DEFAULT 'Sin clasificar',
  `rango_rr` int(11) NOT NULL DEFAULT 0,
  `region` enum('EU','NA','LATAM','BR','AP','KR') NOT NULL DEFAULT 'EU',
  `es_admin` tinyint(1) NOT NULL DEFAULT 0,
  `riot_id` varchar(50) DEFAULT NULL,
  `riot_tag` varchar(10) DEFAULT NULL,
  `riot_region` enum('eu','na','ap','kr','latam','br') DEFAULT NULL,
  `riot_id_visible` tinyint(1) NOT NULL DEFAULT 1,
  `creado_en` datetime NOT NULL DEFAULT current_timestamp(),
  `ultima_actividad` datetime DEFAULT NULL,
  `estado_presencia` enum('en_linea','ausente','invisible') NOT NULL DEFAULT 'en_linea',
  `tipo_usuario` enum('real','ficticio') NOT NULL DEFAULT 'real',
  `perfil_completo` enum('si','no') NOT NULL DEFAULT 'no',
  PRIMARY KEY (`id`),
  UNIQUE KEY `UQ_username` (`username`),
  UNIQUE KEY `UQ_email` (`email`)
) ENGINE=InnoDB AUTO_INCREMENT=24 DEFAULT CHARSET=utf8mb4 COLLATE=utf8mb4_unicode_ci;
/*!40101 SET character_set_client = @saved_cs_client */;

--
-- Dumping data for table `usuario`
--

LOCK TABLES `usuario` WRITE;
/*!40000 ALTER TABLE `usuario` DISABLE KEYS */;
INSERT INTO `usuario` VALUES (1,'admin','admin@valosense.com','$2y$10$gkcfJKk5/xNfaX8Qf67SNOqKvEX.OOl6AtljZrWrcY1pBSaioq/ei','Iron 1',0,'EU',1,NULL,NULL,NULL,1,'2026-04-18 17:56:05',NULL,'en_linea','ficticio','si'),(2,'iron_novato','iron_novato@test.valosense','$2y$10$gkcfJKk5/xNfaX8Qf67SNOqKvEX.OOl6AtljZrWrcY1pBSaioq/ei','Iron 1',0,'EU',0,NULL,NULL,NULL,1,'2026-04-18 18:38:51',NULL,'en_linea','ficticio','si'),(3,'iron_learner','iron_learner@test.valosense','$2y$10$gkcfJKk5/xNfaX8Qf67SNOqKvEX.OOl6AtljZrWrcY1pBSaioq/ei','Iron 1',0,'NA',0,NULL,NULL,NULL,1,'2026-04-18 18:38:51',NULL,'en_linea','ficticio','si'),(4,'bronze_climb','bronze_climb@test.valosense','$2y$10$gkcfJKk5/xNfaX8Qf67SNOqKvEX.OOl6AtljZrWrcY1pBSaioq/ei','Bronze 1',0,'EU',0,NULL,NULL,NULL,1,'2026-04-18 18:38:51','2026-04-18 22:19:12','en_linea','ficticio','si'),(5,'bronze_duo','bronze_duo@test.valosense','$2y$10$gkcfJKk5/xNfaX8Qf67SNOqKvEX.OOl6AtljZrWrcY1pBSaioq/ei','Bronze 1',0,'LATAM',0,NULL,NULL,NULL,1,'2026-04-18 18:38:51',NULL,'en_linea','ficticio','si'),(6,'silver_fox','silver_fox@test.valosense','$2y$10$gkcfJKk5/xNfaX8Qf67SNOqKvEX.OOl6AtljZrWrcY1pBSaioq/ei','Silver 1',0,'EU',0,'SilverFox','EUW2','eu',0,'2026-04-18 18:38:51','2026-04-19 00:19:12','en_linea','ficticio','si'),(7,'silver_bullet','silver_bullet@test.valosense','$2y$10$gkcfJKk5/xNfaX8Qf67SNOqKvEX.OOl6AtljZrWrcY1pBSaioq/ei','Silver 1',0,'NA',0,NULL,NULL,NULL,1,'2026-04-18 18:38:51',NULL,'en_linea','ficticio','si'),(8,'gold_standard','gold_standard@test.valosense','$2y$10$gkcfJKk5/xNfaX8Qf67SNOqKvEX.OOl6AtljZrWrcY1pBSaioq/ei','Gold 1',0,'EU',0,'GoldStandard','EUW1','eu',1,'2026-04-18 18:38:51','2026-04-19 00:19:12','en_linea','ficticio','si'),(9,'gold_rush','gold_rush@test.valosense','$2y$10$gkcfJKk5/xNfaX8Qf67SNOqKvEX.OOl6AtljZrWrcY1pBSaioq/ei','Gold 1',0,'BR',0,NULL,NULL,NULL,1,'2026-04-18 18:38:51',NULL,'en_linea','ficticio','si'),(10,'gold_mine','gold_mine@test.valosense','$2y$10$gkcfJKk5/xNfaX8Qf67SNOqKvEX.OOl6AtljZrWrcY1pBSaioq/ei','Gold 1',0,'NA',0,NULL,NULL,NULL,1,'2026-04-18 18:38:51',NULL,'en_linea','ficticio','si'),(11,'plat_seeker','plat_seeker@test.valosense','$2y$10$gkcfJKk5/xNfaX8Qf67SNOqKvEX.OOl6AtljZrWrcY1pBSaioq/ei','Platinum 1',0,'LATAM',0,NULL,NULL,NULL,1,'2026-04-18 18:38:51',NULL,'en_linea','ficticio','si'),(12,'plat_edge','plat_edge@test.valosense','$2y$10$gkcfJKk5/xNfaX8Qf67SNOqKvEX.OOl6AtljZrWrcY1pBSaioq/ei','Platinum 1',0,'EU',0,NULL,NULL,NULL,1,'2026-04-18 18:38:51',NULL,'en_linea','ficticio','si'),(13,'diamond_hands','diamond_hands@test.valosense','$2y$10$gkcfJKk5/xNfaX8Qf67SNOqKvEX.OOl6AtljZrWrcY1pBSaioq/ei','Diamond 1',0,'EU',0,NULL,NULL,NULL,1,'2026-04-18 18:38:51','2026-04-18 22:19:12','en_linea','ficticio','si'),(14,'diamond_pro','diamond_pro@test.valosense','$2y$10$gkcfJKk5/xNfaX8Qf67SNOqKvEX.OOl6AtljZrWrcY1pBSaioq/ei','Diamond 1',0,'AP',0,NULL,NULL,NULL,1,'2026-04-18 18:38:51',NULL,'en_linea','ficticio','si'),(15,'ascend_now','ascend_now@test.valosense','$2y$10$gkcfJKk5/xNfaX8Qf67SNOqKvEX.OOl6AtljZrWrcY1pBSaioq/ei','Ascendant 1',0,'NA',0,NULL,NULL,NULL,1,'2026-04-18 18:38:51',NULL,'en_linea','ficticio','si'),(16,'ascend_ppl','ascend_ppl@test.valosense','$2y$10$gkcfJKk5/xNfaX8Qf67SNOqKvEX.OOl6AtljZrWrcY1pBSaioq/ei','Ascendant 1',0,'EU',0,NULL,NULL,NULL,1,'2026-04-18 18:38:51',NULL,'en_linea','ficticio','si'),(17,'immortal_one','immortal_one@test.valosense','$2y$10$gkcfJKk5/xNfaX8Qf67SNOqKvEX.OOl6AtljZrWrcY1pBSaioq/ei','Immortal 1',0,'BR',0,NULL,NULL,NULL,1,'2026-04-18 18:38:51',NULL,'en_linea','ficticio','si'),(18,'immortal_clutch','immortal_clutch@test.valosense','$2y$10$gkcfJKk5/xNfaX8Qf67SNOqKvEX.OOl6AtljZrWrcY1pBSaioq/ei','Immortal 1',0,'KR',0,NULL,NULL,NULL,1,'2026-04-18 18:38:51',NULL,'en_linea','ficticio','si'),(19,'radiant_proof','radiant_proof@test.valosense','$2y$10$gkcfJKk5/xNfaX8Qf67SNOqKvEX.OOl6AtljZrWrcY1pBSaioq/ei','Radiant',0,'EU',0,NULL,NULL,NULL,1,'2026-04-18 18:38:51',NULL,'en_linea','ficticio','si'),(20,'user','user@valosense.local','$2y$10$qZyu14m1myy2m1jmcu70buooEGSY6OoNDE8hpUBgEy2eOrAS5Mh3K','Gold 1',0,'EU',0,NULL,NULL,NULL,1,'2026-04-19 00:02:58','2026-04-20 11:04:17','en_linea','ficticio','si'),(21,'david','david@gmail.com','$2b$10$mrJTXRelSXFr.b0s4Sqz9.Rgr/he1PTBt88h.5Z1SCyq7gv8jFSnC','Iron 1',0,'EU',1,NULL,NULL,NULL,1,'2026-05-26 00:00:00',NULL,'en_linea','ficticio','si'),(23,'david24','david24@gmail.com','$2y$10$wjtyNK.dp539Mij5M1eTTOF8M2yIn.s5lc4YhFHguTxXTdFsIGSby','Silver 3',33,'EU',0,'David24','#8916','eu',1,'2026-05-27 19:51:17',NULL,'en_linea','real','si');
/*!40000 ALTER TABLE `usuario` ENABLE KEYS */;
UNLOCK TABLES;

--
-- Dumping events for database 'valosensebdd'
--

--
-- Dumping routines for database 'valosensebdd'
--
/*!40103 SET TIME_ZONE=@OLD_TIME_ZONE */;

/*!40101 SET SQL_MODE=@OLD_SQL_MODE */;
/*!40014 SET FOREIGN_KEY_CHECKS=@OLD_FOREIGN_KEY_CHECKS */;
/*!40014 SET UNIQUE_CHECKS=@OLD_UNIQUE_CHECKS */;
/*!40101 SET CHARACTER_SET_CLIENT=@OLD_CHARACTER_SET_CLIENT */;
/*!40101 SET CHARACTER_SET_RESULTS=@OLD_CHARACTER_SET_RESULTS */;
/*!40101 SET COLLATION_CONNECTION=@OLD_COLLATION_CONNECTION */;
/*!40111 SET SQL_NOTES=@OLD_SQL_NOTES */;

-- Dump completed on 2026-05-30  1:19:39
