-- MariaDB dump 10.19  Distrib 10.4.32-MariaDB, for Win64 (AMD64)
--
-- Host: localhost    Database: ValosenseBDD
-- ------------------------------------------------------
-- Server version	10.4.32-MariaDB

/*!40101 SET @OLD_CHARACTER_SET_CLIENT=@@CHARACTER_SET_CLIENT */;
/*!40101 SET @OLD_CHARACTER_SET_RESULTS=@@CHARACTER_SET_RESULTS */;
/*!40101 SET @OLD_COLLATION_CONNECTION=@@COLLATION_CONNECTION */;
/*!40101 SET NAMES utf8mb4 */;
/*!40103 SET @OLD_TIME_ZONE=@@TIME_ZONE */;
/*!40103 SET TIME_ZONE='+00:00' */;
/*!40014 SET @OLD_UNIQUE_CHECKS=@@UNIQUE_CHECKS, UNIQUE_CHECKS=0 */;
/*!40014 SET @OLD_FOREIGN_KEY_CHECKS=@@FOREIGN_KEY_CHECKS, FOREIGN_KEY_CHECKS=0 */;
/*!40101 SET @OLD_SQL_MODE=@@SQL_MODE, SQL_MODE='NO_AUTO_VALUE_ON_ZERO' */;
/*!40111 SET @OLD_SQL_NOTES=@@SQL_NOTES, SQL_NOTES=0 */;

--
-- Table structure for table `agente`
--

DROP TABLE IF EXISTS `agente`;
/*!40101 SET @saved_cs_client     = @@character_set_client */;
/*!40101 SET character_set_client = utf8 */;
CREATE TABLE `agente` (
  `id` int(11) NOT NULL AUTO_INCREMENT,
  `nombre` varchar(50) NOT NULL,
  `rol` enum('Duelist','Initiator','Controller','Sentinel') NOT NULL,
  PRIMARY KEY (`id`),
  UNIQUE KEY `UQ_ag_nombre` (`nombre`)
) ENGINE=InnoDB AUTO_INCREMENT=26 DEFAULT CHARSET=utf8mb4 COLLATE=utf8mb4_unicode_ci;
/*!40101 SET character_set_client = @saved_cs_client */;

--
-- Dumping data for table `agente`
--

LOCK TABLES `agente` WRITE;
/*!40000 ALTER TABLE `agente` DISABLE KEYS */;
INSERT INTO `agente` VALUES (1,'Jett','Duelist'),(2,'Reyna','Duelist'),(3,'Raze','Duelist'),(4,'Phoenix','Duelist'),(5,'Yoru','Duelist'),(6,'Neon','Duelist'),(7,'Iso','Duelist'),(8,'Sova','Initiator'),(9,'Breach','Initiator'),(10,'Skye','Initiator'),(11,'KAY/O','Initiator'),(12,'Fade','Initiator'),(13,'Gekko','Initiator'),(14,'Brimstone','Controller'),(15,'Viper','Controller'),(16,'Omen','Controller'),(17,'Astra','Controller'),(18,'Harbor','Controller'),(19,'Clove','Controller'),(20,'Sage','Sentinel'),(21,'Cypher','Sentinel'),(22,'Killjoy','Sentinel'),(23,'Chamber','Sentinel'),(24,'Deadlock','Sentinel'),(25,'Vyse','Sentinel');
/*!40000 ALTER TABLE `agente` ENABLE KEYS */;
UNLOCK TABLES;

--
-- Table structure for table `agente_favorito`
--

DROP TABLE IF EXISTS `agente_favorito`;
/*!40101 SET @saved_cs_client     = @@character_set_client */;
/*!40101 SET character_set_client = utf8 */;
CREATE TABLE `agente_favorito` (
  `id` int(11) NOT NULL AUTO_INCREMENT,
  `usuario_id` int(11) NOT NULL,
  `agente_id` int(11) NOT NULL,
  PRIMARY KEY (`id`),
  UNIQUE KEY `UQ_usuario_agente` (`usuario_id`,`agente_id`),
  KEY `FK_af_agente` (`agente_id`),
  CONSTRAINT `FK_af_agente` FOREIGN KEY (`agente_id`) REFERENCES `agente` (`id`) ON DELETE CASCADE,
  CONSTRAINT `FK_af_usuario` FOREIGN KEY (`usuario_id`) REFERENCES `usuario` (`id`) ON DELETE CASCADE
) ENGINE=InnoDB AUTO_INCREMENT=49 DEFAULT CHARSET=utf8mb4 COLLATE=utf8mb4_unicode_ci;
/*!40101 SET character_set_client = @saved_cs_client */;

--
-- Dumping data for table `agente_favorito`
--

LOCK TABLES `agente_favorito` WRITE;
/*!40000 ALTER TABLE `agente_favorito` DISABLE KEYS */;
INSERT INTO `agente_favorito` VALUES (1,2,1),(2,2,20),(3,3,4),(4,3,14),(5,4,2),(6,4,16),(7,5,3),(8,5,21),(11,6,1),(9,6,8),(10,6,22),(13,7,11),(12,7,23),(16,8,6),(15,8,8),(14,8,15),(18,9,10),(17,9,17),(19,10,19),(20,10,24),(21,11,1),(22,11,9),(23,11,21),(25,12,12),(24,12,16),(28,13,1),(27,13,8),(26,13,23),(30,14,11),(29,14,15),(31,14,22),(32,15,3),(33,15,16),(34,15,21),(35,16,1),(36,16,17),(37,16,22),(40,17,12),(39,17,15),(38,17,23),(41,18,1),(42,18,16),(43,19,1),(46,19,8),(44,19,15),(45,19,22),(47,20,1),(48,20,16);
/*!40000 ALTER TABLE `agente_favorito` ENABLE KEYS */;
UNLOCK TABLES;

--
-- Table structure for table `agente_mapa_meta`
--

DROP TABLE IF EXISTS `agente_mapa_meta`;
/*!40101 SET @saved_cs_client     = @@character_set_client */;
/*!40101 SET character_set_client = utf8 */;
CREATE TABLE `agente_mapa_meta` (
  `id` int(11) NOT NULL AUTO_INCREMENT,
  `agente_id` int(11) NOT NULL,
  `mapa` enum('Ascent','Bind','Breeze','Fracture','Haven','Icebox','Lotus','Pearl','Split','Sunset','Abyss') NOT NULL,
  `tier` enum('S','A','B') NOT NULL DEFAULT 'B',
  `nota` varchar(255) NOT NULL,
  PRIMARY KEY (`id`),
  UNIQUE KEY `UQ_agente_mapa` (`agente_id`,`mapa`),
  CONSTRAINT `FK_amm_agente` FOREIGN KEY (`agente_id`) REFERENCES `agente` (`id`) ON DELETE CASCADE
) ENGINE=InnoDB AUTO_INCREMENT=201 DEFAULT CHARSET=utf8mb4 COLLATE=utf8mb4_unicode_ci;
/*!40101 SET character_set_client = @saved_cs_client */;

--
-- Dumping data for table `agente_mapa_meta`
--

LOCK TABLES `agente_mapa_meta` WRITE;
/*!40000 ALTER TABLE `agente_mapa_meta` DISABLE KEYS */;
INSERT INTO `agente_mapa_meta` VALUES (78,1,'Ascent','S','Dash sobre mid y A site permite Op plays agresivos y salida limpia.'),(79,16,'Ascent','S','Humos globales cubren mid, A main y B main desde cualquier rinc?n.'),(80,22,'Ascent','S','Lockdown ulti cierra A site y turret anchorea B de forma casi gratis.'),(81,8,'Ascent','S','Lineups de recon y hunter?s fury barren mid, catwalk y ambos sitios.'),(82,11,'Ascent','A','Flashes rectas de mid y knife suppression rompe setups de Killjoy/Cypher.'),(83,21,'Ascent','A','C?mara en heaven y tripwire en catwalk cubren mid y flancos.'),(84,23,'Ascent','A','Op hold en A main y tele para reposicionar frente a pushes r?pidos.'),(85,3,'Ascent','A','Boombot limpia market y paint shells quiebran post-plant en ambos sitios.'),(86,19,'Ascent','A','Humos recargables y revive aguantan 1v1 tras trades en mid.'),(87,6,'Ascent','B','Slide a mid funciona, pero Jett sigue siendo mejor Op en este mapa.'),(88,4,'Ascent','B','Flash curve y wall ayudan en A main, aunque pierde frente a Jett.'),(89,9,'Ascent','B','Faults y ult ?tiles en A main, pero Ascent prefiere double recon.'),(90,3,'Bind','S','Boombot en hookah y satchels en teles hacen de Bind su mejor mapa.'),(91,14,'Bind','S','Tres humos simult?neos ejecutan cualquier sitio sin depender de alcance.'),(92,21,'Bind','S','Tripwires en teles A y B cubren los dos flancos m?s peligrosos del juego.'),(93,15,'Bind','A','Muro parte A short y molly post-plant imparable en B site.'),(94,11,'Bind','A','Flash y suppression desactivan Cypher/Viper en ejecutes a sitio.'),(95,10,'Bind','A','Perro de info y flashes largas rompen hookah y showers.'),(96,12,'Bind','A','Prowlers localizan en pasillos cerrados y haunt revela post-humo.'),(97,13,'Bind','A','Wingman plantea y Dizzy dispara flashes en ejecutes cortos.'),(98,4,'Bind','B','Flash curve y wall ayudan a tradear en hookah, pero carece de movilidad.'),(99,1,'Bind','B','Dash viable en A short, pero Raze domina los ejecutes cerrados.'),(100,22,'Bind','B','Trampas funcionan en B site, aunque Cypher cubre mejor los teles.'),(101,16,'Haven','S','Humos globales cubren tres sitios con rotaciones lentas, tele decisivo.'),(102,8,'Haven','S','Dart revela A long, C long y garage con un solo recon bolt.'),(103,1,'Haven','S','Dash para tomar A long u Op hold en C long sin riesgo de reposici?n.'),(104,19,'Haven','S','Humos recargables y revive salvan sitios mientras el equipo rota.'),(105,21,'Haven','A','Cam en garage y tripwires cubren los flancos largos de tres sitios.'),(106,22,'Haven','A','Anchor s?lido en C long; ult cierra A site para retakes de 3.'),(107,9,'Haven','A','Faults y stuns abren C long y A short en pasillos estrechos.'),(108,12,'Haven','A','Haunt y prowlers limpian tres sitios y cubren rotaciones lentas.'),(109,10,'Haven','A','Flashes y perro de info ejecutan A short y C long con trades f?ciles.'),(110,3,'Haven','B','Nades ?tiles en A short, pero Jett aprovecha mejor la Op.'),(111,17,'Haven','B','Control global viable, aunque Omen y Clove dan m?s impacto individual.'),(112,11,'Haven','B','Supresi?n molesta al Cypher defensor, roster ya saturado de iniciadores.'),(113,15,'Breeze','S','Muro gigante parte A cave y mid, molly decay fija post-plants.'),(114,1,'Breeze','S','Dash y updraft crean Op holds agresivos en ?ngulos largu?simos.'),(115,23,'Breeze','S','Op estable a larga distancia y tele de emergencia ante flanks.'),(116,8,'Breeze','S','Dart cubre A cave, mid doors y B site desde un ?nico pixel.'),(117,21,'Breeze','A','Tripwires en tubos de A y mid cortan los dos flancos principales.'),(118,18,'Breeze','A','Muros de agua complementan a Viper y tapan angulos en ejecute de A.'),(119,10,'Breeze','A','Perro de info y heal cr?tico en un mapa con trades lentos.'),(120,11,'Breeze','A','Knife supresi?n rompe a Viper y Cypher en ejecutes largos.'),(121,13,'Breeze','B','Wingman plantea en site abierto, pero Sova recon es superior.'),(122,6,'Breeze','B','Velocidad para rotar, aunque Jett y Raze son mejores duelists aqu?.'),(123,3,'Breeze','B','Satchels cubren mucho terreno, pero no gana los duelos de Op.'),(124,15,'Icebox','S','Muro vertical y molly indispensables por la verticalidad del mapa.'),(125,8,'Icebox','S','Recon dart y hunter?s fury dominan mid y B site abiertos.'),(126,20,'Icebox','S','Muro eleva a nest y corta B kitchen, wall clutch post-plant en A.'),(127,1,'Icebox','S','Updraft+dash suben a yellow y nest para Op holds imposibles de replicar.'),(128,22,'Icebox','A','Turret y trampas blindan B site, ult fuerza el defuse en retakes.'),(129,23,'Icebox','A','Op hold en B tubes y tele para rotar entre mid y screens.'),(130,18,'Icebox','A','Muros extensos cubren A site abierto cuando Viper se gasta.'),(131,10,'Icebox','A','Heal y flashes compensan trades lentos en un mapa con Op pesado.'),(132,21,'Icebox','B','Tripwires viables en B kitchen, Killjoy rinde mejor en sitios abiertos.'),(133,12,'Icebox','B','Prowlers ayudan en mid, pero Sova sigue siendo el iniciador top.'),(134,3,'Icebox','B','Satchels para subir a yellow decentes, Jett domina los Op holds.'),(135,3,'Split','S','Boombot y nades devastan pasillos cerrados, satchel sube a A ramps.'),(136,16,'Split','S','Humos precisos en mid y ambos sitios, tele flanquea por vents.'),(137,20,'Split','S','Muro corta mid y ralentiza pushes, slow orbs cubren rotaciones cortas.'),(138,21,'Split','S','Cam en mid y tripwires en vents anulan flancos constantes.'),(139,9,'Split','A','Stuns y aftershock rompen defensas en A main y B mail.'),(140,10,'Split','A','Flashes curvas perfectas para A main, heal tras entradas brutales.'),(141,14,'Split','A','Humos simult?neos y molly ejecutan sitios peque?os sin problema.'),(142,12,'Split','A','Prowlers limpian mid mail y heaven, haunt revela anchors.'),(143,6,'Split','A','Slide por mid rompe el timing de los defensores en A main.'),(144,1,'Split','B','Dash a A ramps viable, pero Raze saca m?s valor de los espacios cerrados.'),(145,22,'Split','B','Setup en B site s?lido, Cypher cubre mejor los flancos de vents.'),(146,3,'Lotus','S','Granadas rebotan en C hall y A main estrechos, boombot limpia waterfall.'),(147,15,'Lotus','S','Muro dobla defensa de A site y molly corta C mound en post-plant.'),(148,22,'Lotus','S','Ult cierra sitio en retake de 3 sites y trampas blindan C link.'),(149,16,'Lotus','A','Humos globales y tele rotan entre tres sitios con puertas rotatorias.'),(150,12,'Lotus','A','Haunt revela detr?s de puertas giratorias y prowlers ciegan ejecutes.'),(151,10,'Lotus','A','Flashes y perro de info cr?ticos para tres sitios con trades lentos.'),(152,9,'Lotus','A','Stuns y faults rompen defensas en A main y C hall estrechos.'),(153,18,'Lotus','A','Segundo controller viable, muros cubren ejecute C y A link.'),(154,1,'Lotus','A','Dash de A main para Op agresiva, updraft a pillars clutch.'),(155,11,'Lotus','B','Knife suppression rompe Killjoy/Viper, pero compite con Fade y Skye.'),(156,21,'Lotus','B','Cam en C mound y tripwires en tree, Killjoy suele ganar el slot.'),(157,9,'Fracture','S','Mapa lineal dise?ado para faults y stuns, must-pick absoluto.'),(158,3,'Fracture','S','Satchels a dish y A site, nades en pasillos estrechos de ambos lados.'),(159,6,'Fracture','S','Slide por zipline acelera entries y rotaciones H-spawn en segundos.'),(160,14,'Fracture','A','Humos r?pidos y molly ejecutan A dish y B arcade sin exceso de rango.'),(161,12,'Fracture','A','Haunt y prowlers barren A dish y B site; ult limpia post-humo.'),(162,8,'Fracture','A','Darts de arcade y dish revelan anchors pese a la geometr?a torcida.'),(163,22,'Fracture','A','Ult fuerza el defuse en sitios peque?os, turret cierra B arcade.'),(164,19,'Fracture','A','Humos recargables y revive mantienen presencia en sitios peque?os.'),(165,23,'Fracture','B','Op hold en A main con tele de escape, pero el kit sufre fuera del site.'),(166,21,'Fracture','B','Tripwires en ziplines ?tiles, Killjoy saca m?s valor en sitios chicos.'),(167,15,'Fracture','B','Molly post-plant viable, Brim y Omen rinden m?s en rotaciones cortas.'),(168,17,'Pearl','S','Estrellas globales sin tele propia del mapa: controla mid y site a la vez.'),(169,23,'Pearl','S','Op hold en mid y connector, tele cubre la ausencia de rotaciones r?pidas.'),(170,12,'Pearl','S','Prowlers y haunt esenciales en mid cerrado con muchos rincones.'),(171,18,'Pearl','A','Muros de agua cubren ejecutes largos de A main y B link.'),(172,1,'Pearl','A','Dash para entries en A main y B link, updraft a pocket.'),(173,6,'Pearl','A','Slide por mid rompe Chamber y crea entries r?pidas a site.'),(174,3,'Pearl','A','Nades en dugout y B site, satchels para subir a pocket y heaven.'),(175,21,'Pearl','A','Cam en mid y trips en A dugout neutralizan flancos constantes.'),(176,24,'Pearl','A','Sensor y wall retrasan flancos por mid y ganan tiempo de rotaci?n.'),(177,19,'Pearl','B','Humos recargables ?tiles, Astra sigue siendo el controlador rey aqu?.'),(178,15,'Pearl','B','Muro en A main viable, Harbor cubre mejor las rotaciones cortas.'),(179,16,'Sunset','S','Humos globales cubren A main, mid y B market; tele a elevados clutch.'),(180,21,'Sunset','S','Cam en market y tripwires en A alley: pareja casi 100% pick en pro.'),(181,3,'Sunset','S','Boombot en A main y satchel a B market devastan el mapa corto.'),(182,14,'Sunset','A','Alcance limitado deja de ser problema: humos y molly ejecutan cualquier site.'),(183,4,'Sunset','A','Flash curve en mid y wall en A main sostienen entries repetidos.'),(184,12,'Sunset','A','Prowlers y haunt limpian mid top y B market cerrado.'),(185,1,'Sunset','A','Dash por A main y mid para Op holds con salida r?pida.'),(186,19,'Sunset','A','Humos recargables y revive alargan defensa en sitios compactos.'),(187,8,'Sunset','A','Darts de mid top y A main revelan anchors en un mid muy disputado.'),(188,22,'Sunset','B','Ult en B market s?lido, pero Cypher cubre mejor los flancos largos.'),(189,9,'Sunset','B','Faults y stuns quiebran mid, compite con Fade por el slot iniciador.'),(190,22,'Abyss','S','Turret y trampas cerca de huecos empujan enemigos al vac?o.'),(191,19,'Abyss','S','Humos recargables y revive aguantan rotaciones largu?simas.'),(192,17,'Abyss','S','Gravity well arrastra enemigos hacia el abismo; estrellas cubren todo el mapa.'),(193,1,'Abyss','A','Updraft asegura Op holds en A main y B main sin miedo al fall damage.'),(194,8,'Abyss','A','Recon bolt atraviesa los techos abiertos y cubre sitios vastos.'),(195,21,'Abyss','A','Tripwires en bordes detectan pushes y empujan al vac?o a los descuidados.'),(196,4,'Abyss','A','Wall sobre el vac?o bloquea ?ngulos y heal sostiene entradas largas.'),(197,25,'Abyss','A','Razorvine en bordes y trampas de arma cubren sitios con poca cobertura.'),(198,16,'Abyss','A','Humos r?pidos y tele agresivo sobre elevaciones frente al abismo.'),(199,9,'Abyss','B','Faults ?tiles, pero la falta de paredes completas reduce su alcance.'),(200,3,'Abyss','B','Boombot viable en bordes, pero pierde en rotaciones muy largas.');
/*!40000 ALTER TABLE `agente_mapa_meta` ENABLE KEYS */;
UNLOCK TABLES;

--
-- Table structure for table `amistad`
--

DROP TABLE IF EXISTS `amistad`;
/*!40101 SET @saved_cs_client     = @@character_set_client */;
/*!40101 SET character_set_client = utf8 */;
CREATE TABLE `amistad` (
  `id` int(11) NOT NULL AUTO_INCREMENT,
  `emisor_id` int(11) NOT NULL,
  `receptor_id` int(11) NOT NULL,
  `estado` enum('pendiente','aceptada','rechazada') NOT NULL DEFAULT 'pendiente',
  `creado_en` datetime NOT NULL DEFAULT current_timestamp(),
  `resuelto_en` datetime DEFAULT NULL,
  PRIMARY KEY (`id`),
  UNIQUE KEY `UQ_emisor_receptor` (`emisor_id`,`receptor_id`),
  KEY `FK_am_receptor` (`receptor_id`),
  CONSTRAINT `FK_am_emisor` FOREIGN KEY (`emisor_id`) REFERENCES `usuario` (`id`) ON DELETE CASCADE,
  CONSTRAINT `FK_am_receptor` FOREIGN KEY (`receptor_id`) REFERENCES `usuario` (`id`) ON DELETE CASCADE
) ENGINE=InnoDB AUTO_INCREMENT=11 DEFAULT CHARSET=utf8mb4 COLLATE=utf8mb4_unicode_ci;
/*!40101 SET character_set_client = @saved_cs_client */;

--
-- Dumping data for table `amistad`
--

LOCK TABLES `amistad` WRITE;
/*!40000 ALTER TABLE `amistad` DISABLE KEYS */;
INSERT INTO `amistad` VALUES (2,19,20,'pendiente','2026-04-18 22:08:05',NULL),(3,17,20,'pendiente','2026-04-18 16:08:05',NULL),(4,15,20,'pendiente','2026-04-18 00:08:05',NULL),(5,20,9,'pendiente','2026-04-18 21:08:05',NULL),(6,20,11,'pendiente','2026-04-18 23:38:05',NULL),(7,20,8,'aceptada','2026-04-09 00:08:05','2026-04-10 00:08:05'),(8,6,20,'aceptada','2026-04-04 00:08:05','2026-04-05 00:08:05'),(9,20,13,'aceptada','2026-04-14 00:08:05','2026-04-14 00:08:05'),(10,4,20,'aceptada','2026-03-30 00:08:05','2026-03-31 00:08:05');
/*!40000 ALTER TABLE `amistad` ENABLE KEYS */;
UNLOCK TABLES;

--
-- Table structure for table `cache_consulta`
--

DROP TABLE IF EXISTS `cache_consulta`;
/*!40101 SET @saved_cs_client     = @@character_set_client */;
/*!40101 SET character_set_client = utf8 */;
CREATE TABLE `cache_consulta` (
  `clave` varchar(128) NOT NULL,
  `datos` text NOT NULL,
  `creado_en` datetime NOT NULL DEFAULT current_timestamp(),
  `expira_en` datetime NOT NULL,
  PRIMARY KEY (`clave`)
) ENGINE=InnoDB DEFAULT CHARSET=utf8mb4 COLLATE=utf8mb4_unicode_ci;
/*!40101 SET character_set_client = @saved_cs_client */;

--
-- Dumping data for table `cache_consulta`
--

LOCK TABLES `cache_consulta` WRITE;
/*!40000 ALTER TABLE `cache_consulta` DISABLE KEYS */;
/*!40000 ALTER TABLE `cache_consulta` ENABLE KEYS */;
UNLOCK TABLES;

--
-- Table structure for table `lineup`
--

DROP TABLE IF EXISTS `lineup`;
/*!40101 SET @saved_cs_client     = @@character_set_client */;
/*!40101 SET character_set_client = utf8 */;
CREATE TABLE `lineup` (
  `id` int(11) NOT NULL AUTO_INCREMENT,
  `usuario_id` int(11) DEFAULT NULL,
  `agente_id` int(11) NOT NULL,
  `mapa` enum('Ascent','Bind','Breeze','Fracture','Haven','Icebox','Lotus','Pearl','Split','Sunset','Abyss') NOT NULL,
  `titulo` varchar(100) NOT NULL,
  `descripcion` text NOT NULL,
  `video_url` varchar(255) NOT NULL,
  `aprobado` tinyint(1) NOT NULL DEFAULT 0,
  `creado_en` datetime NOT NULL DEFAULT current_timestamp(),
  PRIMARY KEY (`id`),
  KEY `FK_li_usuario` (`usuario_id`),
  KEY `FK_li_agente` (`agente_id`),
  CONSTRAINT `FK_li_agente` FOREIGN KEY (`agente_id`) REFERENCES `agente` (`id`) ON DELETE CASCADE,
  CONSTRAINT `FK_li_usuario` FOREIGN KEY (`usuario_id`) REFERENCES `usuario` (`id`) ON DELETE SET NULL
) ENGINE=InnoDB AUTO_INCREMENT=806 DEFAULT CHARSET=utf8mb4 COLLATE=utf8mb4_unicode_ci;
/*!40101 SET character_set_client = @saved_cs_client */;

--
-- Dumping data for table `lineup`
--

LOCK TABLES `lineup` WRITE;
/*!40000 ALTER TABLE `lineup` DISABLE KEYS */;
INSERT INTO `lineup` VALUES (531,1,1,'Ascent','Lineup de Jett en Ascent','Spots de dash, updraft y blade storm para Ascent explicados en v?deo.','https://www.youtube.com/watch?v=6IIo-JRO4pw',1,'2026-04-19 00:42:00'),(532,1,1,'Haven','Lineup de Jett en Haven','Los mejores updraft spots de Jett en Haven a nivel inmortal para ganar altura y sorprender al rival.','https://www.youtube.com/watch?v=e-Ggx8lF0qg',1,'2026-04-19 00:42:00'),(533,1,2,'Ascent','Lineup de Reyna en Ascent','Tips pr?cticos para sacar el m?ximo del dismiss, leer y ultimate en Ascent.','https://www.youtube.com/watch?v=_3Y6K9xE4Kw',1,'2026-04-19 00:42:00'),(534,1,2,'Bind','Lineup de Reyna en Bind','Timings, rotaciones y spots de entrada de Reyna en Bind.','https://www.youtube.com/watch?v=k_vGjs73WV4',1,'2026-04-19 00:42:00'),(535,1,3,'Icebox','Lineup de Raze en Icebox','Recopilaci?n de grenade spots y boombots de Raze en Icebox.','https://www.youtube.com/watch?v=XlPbPvhwROY',1,'2026-04-19 00:42:00'),(536,1,3,'Bind','Lineup de Raze en Bind','Lineups de boombot y granada para limpiar ?ngulos de Bind sin exponerte.','https://www.youtube.com/watch?v=SSIDQN5Fxjc',1,'2026-04-19 00:42:00'),(537,1,4,'Ascent','Lineup de Phoenix en Ascent','Mollies post-plant de Phoenix en Ascent con referencias visuales claras.','https://www.youtube.com/watch?v=uIyoEBkAJFo',1,'2026-04-19 00:42:00'),(538,1,4,'Pearl','Lineup de Phoenix en Pearl','Walls y flashes esenciales de Phoenix para atacar y defender en Pearl.','https://www.youtube.com/watch?v=S7EZ0Ea-eFw',1,'2026-04-19 00:42:00'),(539,1,5,'Icebox','Lineup de Yoru en Icebox','Teletransportes y clones actualizados para Icebox como Yoru.','https://www.youtube.com/watch?v=Ny07rHQ6Cg0',1,'2026-04-19 00:42:00'),(540,1,5,'Pearl','Lineup de Yoru en Pearl','Combos de flash + TP en Pearl para entries con enga?o.','https://www.youtube.com/watch?v=nggh2cURyhQ',1,'2026-04-19 00:42:00'),(541,1,6,'Lotus','Lineup de Neon en Lotus','Relay bolts y stuns de Neon optimizados para los pasillos de Lotus.','https://www.youtube.com/watch?v=tWvjTUwP3k0',1,'2026-04-19 00:42:00'),(542,1,6,'Ascent','Lineup de Neon en Ascent','Los 15 spots m?s ?tiles de relay bolt de Neon para controlar Ascent.','https://www.youtube.com/watch?v=YlCL5HjbX-0',1,'2026-04-19 00:42:00'),(543,1,7,'Ascent','Lineup de Iso en Ascent','Kit completo de Iso: escudo, flash indetectable y duelos limpios.','https://www.youtube.com/watch?v=Jk_I13AfQ3A',1,'2026-04-19 00:42:00'),(544,1,7,'Haven','Lineup de Iso en Haven','Posiciones y timing de Iso espec?ficos para atacar y defender Haven.','https://www.youtube.com/watch?v=ej3IPR6CMf8',1,'2026-04-19 00:42:00'),(545,1,8,'Haven','Lineup de Sova en Haven','Recon arrows de Sova f?ciles de replicar en Haven para sacar info sin morir.','https://www.youtube.com/watch?v=ijzvs3aWTvM',1,'2026-04-19 00:42:00'),(546,1,8,'Split','Lineup de Sova en Split','Recon + shock darts de Sova en Split para romper ejecutes defensivos.','https://www.youtube.com/watch?v=hnLQlVqJtGQ',1,'2026-04-19 00:42:00'),(547,1,9,'Split','Lineup de Breach en Split','Setups pro de Breach en Split explicados por Redgar (Team Liquid).','https://www.youtube.com/watch?v=R_njZnidXn0',1,'2026-04-19 00:42:00'),(548,1,9,'Bind','Lineup de Breach en Bind','Los 5 spots defensivos clave de Breach en Bind para frenar pushes.','https://www.youtube.com/watch?v=k6n7hT8OqnE',1,'2026-04-19 00:42:00'),(549,1,10,'Pearl','Lineup de Skye en Pearl','Todas las flashes imprescindibles de Skye en Pearl con referencias 1:1.','https://www.youtube.com/watch?v=fvDkTWtl-1o',1,'2026-04-19 00:42:00'),(550,1,10,'Bind','Lineup de Skye en Bind','Spots ofensivos de Skye en Bind para entradas a A y B con info del perro.','https://www.youtube.com/watch?v=2N9EQxbYKZM',1,'2026-04-19 00:42:00'),(551,1,11,'Ascent','Lineup de KAY/O en Ascent','Flashes largas y knife de supresi?n de KAY/O para dominar Ascent.','https://www.youtube.com/watch?v=upRqW_UxEP4',1,'2026-04-19 00:42:00'),(552,1,11,'Split','Lineup de KAY/O en Split','Combos de KAY/O para atacar mid y sites de Split sin exponerse.','https://www.youtube.com/watch?v=kEyU458r2g0',1,'2026-04-19 00:42:00'),(553,1,12,'Ascent','Lineup de Fade en Ascent','Prowlers y haunt de Fade para romper posiciones defensivas en Ascent.','https://www.youtube.com/watch?v=3WQnLOYbDQU',1,'2026-04-19 00:42:00'),(554,1,12,'Bind','Lineup de Fade en Bind','Setups de Fade en Bind aprovechando teletransportes y corredores.','https://www.youtube.com/watch?v=sJRtxSIvmtI',1,'2026-04-19 00:42:00'),(555,1,13,'Haven','Lineup de Gekko en Haven','Utilidad reutilizable de Gekko aplicada al 3-site layout de Haven.','https://www.youtube.com/watch?v=yvzeiRQvmG8',1,'2026-04-19 00:42:00'),(556,1,13,'Split','Lineup de Gekko en Split','Spots de Wingman y Dizzy en Split para atacar r?pido y desactivar spike.','https://www.youtube.com/watch?v=9bsizCeHfVs',1,'2026-04-19 00:42:00'),(557,1,14,'Bind','Lineup de Brimstone en Bind','Humos orbitales y mollies esenciales de Brimstone para atacar Bind.','https://www.youtube.com/watch?v=PUQZ-mY8d1Y',1,'2026-04-19 00:42:00'),(558,1,14,'Pearl','Lineup de Brimstone en Pearl','Mollies post-plant actualizadas de Brimstone en Pearl.','https://www.youtube.com/watch?v=KK-kL1goYv8',1,'2026-04-19 00:42:00'),(559,1,15,'Bind','Lineup de Viper en Bind','Wall + smoke de Viper en Bind con setups pro para atacar y defender.','https://www.youtube.com/watch?v=mTKRgGZ9vPY',1,'2026-04-19 00:42:00'),(560,1,15,'Pearl','Lineup de Viper en Pearl','Compilaci?n completa de lineups de Viper en Pearl.','https://www.youtube.com/watch?v=SGFIgTg9MmM',1,'2026-04-19 00:42:00'),(561,1,16,'Bind','Lineup de Omen en Bind','One-way smokes de Omen en Bind que bloquean al enemigo pero te dejan ver.','https://www.youtube.com/watch?v=IGfxYrmZu78',1,'2026-04-19 00:42:00'),(562,1,16,'Ascent','Lineup de Omen en Ascent','Los 15 one-ways m?s fuertes de Omen en Ascent, atacando y defendiendo.','https://www.youtube.com/watch?v=NxM2ypzT7AI',1,'2026-04-19 00:42:00'),(563,1,17,'Haven','Lineup de Astra en Haven','Colocaci?n avanzada de estrellas de Astra para controlar Haven.','https://www.youtube.com/watch?v=x_H_OTClGh0',1,'2026-04-19 00:42:00'),(564,1,17,'Ascent','Lineup de Astra en Ascent','Setups defensivos de Astra aplicables a Ascent.','https://www.youtube.com/watch?v=DWOartQLdFI',1,'2026-04-19 00:42:00'),(565,1,18,'Bind','Lineup de Harbor en Bind','Walls y cove de Harbor en Bind para cobertura amplia.','https://www.youtube.com/watch?v=EnKYNKa2J74',1,'2026-04-19 00:42:00'),(566,1,18,'Pearl','Lineup de Harbor en Pearl','Setups de Harbor en Pearl combinados con el mid estrecho.','https://www.youtube.com/watch?v=oByfU8HeENA',1,'2026-04-19 00:42:00'),(567,1,19,'Ascent','Lineup de Clove en Ascent','Humos y reanimaciones de Clove aplicados a Ascent.','https://www.youtube.com/watch?v=YLgS9UxiTQg',1,'2026-04-19 00:42:00'),(568,1,19,'Bind','Lineup de Clove en Bind','Gameplay competitivo de Clove en Bind con lineups explicados.','https://www.youtube.com/watch?v=kcFoKOJlXBo',1,'2026-04-19 00:42:00'),(569,1,20,'Ascent','Lineup de Sage en Ascent','Walls, lentas y heal de Sage para dominar Ascent.','https://www.youtube.com/watch?v=fcE41-2zyeY',1,'2026-04-19 00:42:00'),(570,1,20,'Icebox','Lineup de Sage en Icebox','Los walls y slows pro m?s utilizados de Sage en Icebox.','https://www.youtube.com/watch?v=ugCpMJEypMw',1,'2026-04-19 00:42:00'),(571,1,21,'Ascent','Lineup de Cypher en Ascent','Setups completos de Cypher en Ascent: c?mara, trips y one-ways.','https://www.youtube.com/watch?v=fhzq07kh3rc',1,'2026-04-19 00:42:00'),(572,1,21,'Icebox','Lineup de Cypher en Icebox','Setups pro de Cypher en Icebox con cages, trips y posiciones de cam.','https://www.youtube.com/watch?v=RkwgZLPoJJw',1,'2026-04-19 00:42:00'),(573,1,22,'Ascent','Lineup de Killjoy en Ascent','Turret, nanoswarms y ult de Killjoy para Ascent, explicado f?cil.','https://www.youtube.com/watch?v=NfuqxBeyBFM',1,'2026-04-19 00:42:00'),(574,1,22,'Fracture','Lineup de Killjoy en Fracture','Setups de Killjoy en Fracture aprovechando el spawn dividido.','https://www.youtube.com/watch?v=jXF88KnIq8g',1,'2026-04-19 00:42:00'),(575,1,23,'Ascent','Lineup de Chamber en Ascent','Teletransportes y trampas de Chamber optimizados para Ascent.','https://www.youtube.com/watch?v=80WbxXOaXx0',1,'2026-04-19 00:42:00'),(576,1,23,'Breeze','Lineup de Chamber en Breeze','Lineups de teleport de Chamber en Breeze para reposicionar r?pido.','https://www.youtube.com/watch?v=KHsCDUyKavY',1,'2026-04-19 00:42:00'),(577,1,24,'Ascent','Lineup de Deadlock en Ascent','Sensor, muro de malla y ult c?psula de Deadlock en Ascent.','https://www.youtube.com/watch?v=CavNYCM0R5M',1,'2026-04-19 00:42:00'),(578,1,24,'Split','Lineup de Deadlock en Split','Setups y lineups completos de Deadlock en Split.','https://www.youtube.com/watch?v=q_XmbfmVbOU',1,'2026-04-19 00:42:00'),(579,1,25,'Bind','Lineup de Vyse en Bind','Traps y humos ef?meros de Vyse aplicados a los corredores de Bind.','https://www.youtube.com/watch?v=1k5qaN8mAuU',1,'2026-04-19 00:42:00'),(580,1,25,'Sunset','Lineup de Vyse en Sunset','Setups de Vyse en Sunset: traps, humos y timings por ronda.','https://www.youtube.com/watch?v=vGdyjTmPSN4',1,'2026-04-19 00:42:00'),(581,1,1,'Bind','Gu?a de Jett en Bind','An?lisis de dash de Jett en Bind: teleports y cerrar rotaciones del rival.','https://www.youtube.com/watch?v=enmsXOKyhi4',1,'2026-04-19 00:42:00'),(582,1,1,'Breeze','Gu?a de Jett en Breeze','An?lisis de cloudburst y bladestorm de Jett ? ?til en ?ngulos largos de Breeze.','https://www.youtube.com/watch?v=n9KGSw9qeCk',1,'2026-04-19 00:42:00'),(583,1,1,'Fracture','Gu?a de Jett en Fracture','Claves con cloudburst + bladestorm de Jett para B arcade en Fracture.','https://www.youtube.com/watch?v=Kl-jE_voscI',1,'2026-04-19 00:42:00'),(584,1,1,'Icebox','Gu?a de Jett en Icebox','Icebox, B nest: aprovecha updraft de Jett para limpiar ?ngulos comunes.','https://www.youtube.com/watch?v=k8YbYcZstAA',1,'2026-04-19 00:42:00'),(585,1,1,'Lotus','Gu?a de Jett en Lotus','Recopilatorio de updraft de Jett en Lotus: puertas giratorias y ganar duelos a distancia.','https://www.youtube.com/watch?v=gP7L4CJFcb0',1,'2026-04-19 00:42:00'),(586,1,1,'Pearl','Gu?a de Jett en Pearl','Repaso de tailwind y updraft de Jett ? ?til en mid link de Pearl.','https://www.youtube.com/watch?v=p2S-8EPfXV8',1,'2026-04-19 00:42:00'),(587,1,1,'Split','Gu?a de Jett en Split','Claves con dash + updraft de Jett para chokes estrechos en Split.','https://www.youtube.com/watch?v=bn8u3qaww5k',1,'2026-04-19 00:42:00'),(588,1,1,'Sunset','Gu?a de Jett en Sunset','Sunset, market: aprovecha dash de Jett para limpiar ?ngulos comunes.','https://www.youtube.com/watch?v=uPXoq7mRH7U',1,'2026-04-19 00:42:00'),(589,1,1,'Abyss','Gu?a de Jett en Abyss','Jett en Abyss: combos de updraft y dash para coger info sin exponerte.','https://www.youtube.com/watch?v=enmsXOKyhi4',1,'2026-04-19 00:42:00'),(590,1,2,'Breeze','Gu?a de Reyna en Breeze','Reyna en Breeze: combos de leer y dismiss para romper holds defensivos.','https://www.youtube.com/watch?v=A_SuPBvsvy0',1,'2026-04-19 00:42:00'),(591,1,2,'Fracture','Gu?a de Reyna en Fracture','Fracture, A dish: aprovecha empress de Reyna para controlar zonas clave.','https://www.youtube.com/watch?v=AMaEwrfJt0o',1,'2026-04-19 00:42:00'),(592,1,2,'Haven','Gu?a de Reyna en Haven','Claves de devour de Reyna en Haven: garage y negar peek a los duelistas.','https://www.youtube.com/watch?v=1RRlGDwNdmY',1,'2026-04-19 00:42:00'),(593,1,2,'Icebox','Gu?a de Reyna en Icebox','Repaso de leer de Reyna en Icebox: mid orbital y aguantar retakes.','https://www.youtube.com/watch?v=ZeTuBc_VrR4',1,'2026-04-19 00:42:00'),(594,1,2,'Lotus','Gu?a de Reyna en Lotus','C?mo ganar duelos a distancia con Reyna: empress y leer en Lotus.','https://www.youtube.com/watch?v=PfG9l8ZEdUQ',1,'2026-04-19 00:42:00'),(595,1,2,'Pearl','Gu?a de Reyna en Pearl','As? se usa dismiss de Reyna en Pearl ? foco en A main.','https://www.youtube.com/watch?v=A_SuPBvsvy0',1,'2026-04-19 00:42:00'),(596,1,2,'Split','Gu?a de Reyna en Split','Reyna en Split: combos de empress y almas para ganar tiempo al contrario.','https://www.youtube.com/watch?v=AMaEwrfJt0o',1,'2026-04-19 00:42:00'),(597,1,2,'Sunset','Gu?a de Reyna en Sunset','Trucos con empress de Reyna en Sunset: entries cortos y negar peek a los duelistas.','https://www.youtube.com/watch?v=1RRlGDwNdmY',1,'2026-04-19 00:42:00'),(598,1,2,'Abyss','Gu?a de Reyna en Abyss','Claves con almas + dismiss de Reyna para huecos de ca?da en Abyss.','https://www.youtube.com/watch?v=ZeTuBc_VrR4',1,'2026-04-19 00:42:00'),(599,1,3,'Ascent','Gu?a de Raze en Ascent','Repaso de boombot de Raze en Ascent: mid abierto y controlar zonas clave.','https://www.youtube.com/watch?v=ZCNtapWERZU',1,'2026-04-19 00:42:00'),(600,1,3,'Breeze','Gu?a de Raze en Breeze','C?mo controlar zonas clave con Raze: blast pack y paint shells en Breeze.','https://www.youtube.com/watch?v=uAM4vCMmOz0',1,'2026-04-19 00:42:00'),(601,1,3,'Fracture','Gu?a de Raze en Fracture','Claves con boombot + paint shells de Raze para entradas cruzadas en Fracture.','https://www.youtube.com/watch?v=c4tAXqGDduc',1,'2026-04-19 00:42:00'),(602,1,3,'Haven','Gu?a de Raze en Haven','C?mo coger info sin exponerte con Raze: boombot y blast pack en Haven.','https://www.youtube.com/watch?v=zeScm1IV6jM',1,'2026-04-19 00:42:00'),(603,1,3,'Lotus','Gu?a de Raze en Lotus','Rutinas de paint shells de Raze en Lotus: C mound y negar peek a los duelistas.','https://www.youtube.com/watch?v=ifwfa5tl73Q',1,'2026-04-19 00:42:00'),(604,1,3,'Pearl','Gu?a de Raze en Pearl','Trucos con paint shells y blast pack de Raze ? ?til en B main de Pearl.','https://www.youtube.com/watch?v=XlPbPvhwROY',1,'2026-04-19 00:42:00'),(605,1,3,'Split','Gu?a de Raze en Split','Claves con paint shells + showstopper de Raze para heaven en Split.','https://www.youtube.com/watch?v=M3lrtAwl_Y8',1,'2026-04-19 00:42:00'),(606,1,3,'Sunset','Gu?a de Raze en Sunset','Claves con boombot + granadas de Raze para A main en Sunset.','https://www.youtube.com/watch?v=bBX401GvFzg',1,'2026-04-19 00:42:00'),(607,1,3,'Abyss','Gu?a de Raze en Abyss','Raze en Abyss: combos de blast pack y showstopper para limpiar ?ngulos comunes.','https://www.youtube.com/watch?v=ZngddhJN3jM',1,'2026-04-19 00:42:00'),(608,1,4,'Bind','Gu?a de Phoenix en Bind','Claves con blaze + flash curva de Phoenix para A short en Bind.','https://www.youtube.com/watch?v=Mi7OVzQgPkM',1,'2026-04-19 00:42:00'),(609,1,4,'Breeze','Gu?a de Phoenix en Breeze','C?mo ganar duelos a distancia con Phoenix: run it back y flash curva en Breeze.','https://www.youtube.com/watch?v=ltcs81Kz5-g',1,'2026-04-19 00:42:00'),(610,1,4,'Fracture','Gu?a de Phoenix en Fracture','Claves de blaze de Phoenix en Fracture: B arcade y ejecutar plants seguros.','https://www.youtube.com/watch?v=ntPwCj2KFpI',1,'2026-04-19 00:42:00'),(611,1,4,'Haven','Gu?a de Phoenix en Haven','Claves de curveball y hot hands de Phoenix ? ?til en garage de Haven.','https://www.youtube.com/watch?v=grFPMFcvTgI',1,'2026-04-19 00:42:00'),(612,1,4,'Icebox','Gu?a de Phoenix en Icebox','Claves con curveball + hot hands de Phoenix para altura yellow en Icebox.','https://www.youtube.com/watch?v=gWxO9v4a1_0',1,'2026-04-19 00:42:00'),(613,1,4,'Lotus','Gu?a de Phoenix en Lotus','As? se usa flash curva de Phoenix en Lotus ? foco en A main.','https://www.youtube.com/watch?v=eNMedU7ZwQ0',1,'2026-04-19 00:42:00'),(614,1,4,'Split','Gu?a de Phoenix en Split','Split, vents: aprovecha hot hands de Phoenix para negar peek a los duelistas.','https://www.youtube.com/watch?v=439vfL_WeXo',1,'2026-04-19 00:42:00'),(615,1,4,'Sunset','Gu?a de Phoenix en Sunset','Claves con run it back + flash curva de Phoenix para A main en Sunset.','https://www.youtube.com/watch?v=KOE8f9SwM08',1,'2026-04-19 00:42:00'),(616,1,4,'Abyss','Gu?a de Phoenix en Abyss','Ejecutes con run it back aplicado a huecos de ca?da de Abyss con Phoenix.','https://www.youtube.com/watch?v=Mi7OVzQgPkM',1,'2026-04-19 00:42:00'),(617,1,5,'Ascent','Gu?a de Yoru en Ascent','Claves con clones + fakeout de Yoru para mid abierto en Ascent.','https://www.youtube.com/watch?v=AS6u-1GDti0',1,'2026-04-19 00:42:00'),(618,1,5,'Bind','Gu?a de Yoru en Bind','As? se usa blindside de Yoru en Bind ? foco en teleports.','https://www.youtube.com/watch?v=Ny07rHQ6Cg0',1,'2026-04-19 00:42:00'),(619,1,5,'Breeze','Gu?a de Yoru en Breeze','Yoru en Breeze: combos de blindside y dimensional rift para encadenar trades limpios.','https://www.youtube.com/watch?v=qYGWXKDFSaw',1,'2026-04-19 00:42:00'),(620,1,5,'Fracture','Gu?a de Yoru en Fracture','Claves con dimensional rift + blindside de Yoru para B arcade en Fracture.','https://www.youtube.com/watch?v=CbdG4SslqvA',1,'2026-04-19 00:42:00'),(621,1,5,'Haven','Gu?a de Yoru en Haven','As? se usa clones de Yoru en Haven ? foco en C long.','https://www.youtube.com/watch?v=XTayY9b4x7M',1,'2026-04-19 00:42:00'),(622,1,5,'Lotus','Gu?a de Yoru en Lotus','Rutinas de clones y fakeout de Yoru ? ?til en C mound de Lotus.','https://www.youtube.com/watch?v=DNfK3bOb_48',1,'2026-04-19 00:42:00'),(623,1,5,'Split','Gu?a de Yoru en Split','Gu?a sobre fakeout aplicado a heaven de Split con Yoru.','https://www.youtube.com/watch?v=eKPXFvf7YEc',1,'2026-04-19 00:42:00'),(624,1,5,'Sunset','Gu?a de Yoru en Sunset','Compilaci?n con blindside de Yoru en Sunset: A main y coger info sin exponerte.','https://www.youtube.com/watch?v=ZlR8WT2ZGes',1,'2026-04-19 00:42:00'),(625,1,5,'Abyss','Gu?a de Yoru en Abyss','Abyss, zonas de vac?o: aprovecha dimensional rift de Yoru para aguantar retakes.','https://www.youtube.com/watch?v=AS6u-1GDti0',1,'2026-04-19 00:42:00'),(626,1,6,'Bind','Gu?a de Neon en Bind','C?mo cerrar rotaciones del rival con Neon: stuns el?ctricos y fast lane en Bind.','https://www.youtube.com/watch?v=ZLfs9_WMBCw',1,'2026-04-19 00:42:00'),(627,1,6,'Breeze','Gu?a de Neon en Breeze','As? se usa fast lane de Neon en Breeze ? foco en ?ngulos largos.','https://www.youtube.com/watch?v=DQUnF-PCjJU',1,'2026-04-19 00:42:00'),(628,1,6,'Fracture','Gu?a de Neon en Fracture','Claves con fast lane + high gear de Neon para A dish en Fracture.','https://www.youtube.com/watch?v=d1ErdgTpq9A',1,'2026-04-19 00:42:00'),(629,1,6,'Haven','Gu?a de Neon en Haven','Spots clave de fast lane aplicado a garage de Haven con Neon.','https://www.youtube.com/watch?v=ohs4xDdumbc',1,'2026-04-19 00:42:00'),(630,1,6,'Icebox','Gu?a de Neon en Icebox','Rutinas de high gear aplicado a B nest de Icebox con Neon.','https://www.youtube.com/watch?v=6OAoVSRCT-k',1,'2026-04-19 00:42:00'),(631,1,6,'Pearl','Gu?a de Neon en Pearl','Neon en Pearl: combos de overdrive y fast lane para ganar tiempo al contrario.','https://www.youtube.com/watch?v=1CD_o2GRCE8',1,'2026-04-19 00:42:00'),(632,1,6,'Split','Gu?a de Neon en Split','As? se usa relay bolt de Neon en Split ? foco en vents.','https://www.youtube.com/watch?v=DNm0hAe_avk',1,'2026-04-19 00:42:00'),(633,1,6,'Sunset','Gu?a de Neon en Sunset','C?mo usar stuns el?ctricos aplicado a market de Sunset con Neon.','https://www.youtube.com/watch?v=K3SqM15jXjg',1,'2026-04-19 00:42:00'),(634,1,6,'Abyss','Gu?a de Neon en Abyss','Recopilatorio de overdrive y stuns el?ctricos de Neon ? ?til en huecos de ca?da de Abyss.','https://www.youtube.com/watch?v=YlCL5HjbX-0',1,'2026-04-19 00:42:00'),(635,1,7,'Bind','Gu?a de Iso en Bind','Iso en Bind: combos de kill contract y flash indetectable para encadenar trades limpios.','https://www.youtube.com/watch?v=Jk_I13AfQ3A',1,'2026-04-19 00:42:00'),(636,1,7,'Breeze','Gu?a de Iso en Breeze','C?mo limpiar ?ngulos comunes con Iso: contingency y double tap en Breeze.','https://www.youtube.com/watch?v=441tMwoFSeE',1,'2026-04-19 00:42:00'),(637,1,7,'Fracture','Gu?a de Iso en Fracture','Iso en Fracture: combos de flash indetectable y undercut para abrir el site sin trades.','https://www.youtube.com/watch?v=wK3vS-5ysKY',1,'2026-04-19 00:42:00'),(638,1,7,'Icebox','Gu?a de Iso en Icebox','Claves con contingency + flash indetectable de Iso para mid orbital en Icebox.','https://www.youtube.com/watch?v=eorMRj8pjms',1,'2026-04-19 00:42:00'),(639,1,7,'Lotus','Gu?a de Iso en Lotus','As? se usa contingency de Iso en Lotus ? foco en tres bombsites.','https://www.youtube.com/watch?v=h9SnmTkM1TY',1,'2026-04-19 00:42:00'),(640,1,7,'Pearl','Gu?a de Iso en Pearl','C?mo encadenar trades limpios con Iso: undercut y kill contract en Pearl.','https://www.youtube.com/watch?v=UQ--yj9VlPc',1,'2026-04-19 00:42:00'),(641,1,7,'Split','Gu?a de Iso en Split','Split, mid vertical: aprovecha double tap de Iso para negar peek a los duelistas.','https://www.youtube.com/watch?v=XSFvn_QzYz4',1,'2026-04-19 00:42:00'),(642,1,7,'Sunset','Gu?a de Iso en Sunset','Claves con contingency + double tap de Iso para entries cortos en Sunset.','https://www.youtube.com/watch?v=Jk_I13AfQ3A',1,'2026-04-19 00:42:00'),(643,1,7,'Abyss','Gu?a de Iso en Abyss','Gu?a sobre contingency aplicado a pushes peligrosos de Abyss con Iso.','https://www.youtube.com/watch?v=wK3vS-5ysKY',1,'2026-04-19 00:42:00'),(644,1,8,'Ascent','Gu?a de Sova en Ascent','C?mo coger info sin exponerte con Sova: hunter\'s fury y shock dart en Ascent.','https://www.youtube.com/watch?v=TllBMnOrZPo',1,'2026-04-19 00:42:00'),(645,1,8,'Bind','Gu?a de Sova en Bind','As? se usa hunter\'s fury de Sova en Bind ? foco en A short.','https://www.youtube.com/watch?v=K0DRiro-CYU',1,'2026-04-19 00:42:00'),(646,1,8,'Breeze','Gu?a de Sova en Breeze','Tutorial corto de hunter\'s fury de Sova en Breeze: mid doors y coger info sin exponerte.','https://www.youtube.com/watch?v=4itD_RuBTEw',1,'2026-04-19 00:42:00'),(647,1,8,'Fracture','Gu?a de Sova en Fracture','Timing y uso de owl drone aplicado a spawn partido de Fracture con Sova.','https://www.youtube.com/watch?v=Wp5EbeP6BLc',1,'2026-04-19 00:42:00'),(648,1,8,'Icebox','Gu?a de Sova en Icebox','Sova en Icebox: combos de recon dart y shock dart para encadenar trades limpios.','https://www.youtube.com/watch?v=dTBdvdAIbt4',1,'2026-04-19 00:42:00'),(649,1,8,'Lotus','Gu?a de Sova en Lotus','C?mo usar hunter\'s fury de Sova en Lotus: C mound y aguantar retakes.','https://www.youtube.com/watch?v=7hJKzED1Kkw',1,'2026-04-19 00:42:00'),(650,1,8,'Pearl','Gu?a de Sova en Pearl','Rutinas de flechas de info y recon dart de Sova ? ?til en B main de Pearl.','https://www.youtube.com/watch?v=RwEQ5zMqlEc',1,'2026-04-19 00:42:00'),(651,1,8,'Sunset','Gu?a de Sova en Sunset','Sova en Sunset: combos de shock dart y owl drone para cerrar rotaciones del rival.','https://www.youtube.com/watch?v=Qlbwecza9GI',1,'2026-04-19 00:42:00'),(652,1,8,'Abyss','Gu?a de Sova en Abyss','Sova en Abyss: combos de hunter\'s fury y flechas de info para aguantar retakes.','https://www.youtube.com/watch?v=04K6YaRNtE8',1,'2026-04-19 00:42:00'),(653,1,9,'Ascent','Gu?a de Breach en Ascent','Breach en Ascent: combos de stuns y flashpoint para romper holds defensivos.','https://www.youtube.com/watch?v=DeOcEFvttI8',1,'2026-04-19 00:42:00'),(654,1,9,'Breeze','Gu?a de Breach en Breeze','Claves con aftershock + stuns de Breach para mid doors en Breeze.','https://www.youtube.com/watch?v=3ajYrKSsqts',1,'2026-04-19 00:42:00'),(655,1,9,'Fracture','Gu?a de Breach en Fracture','Claves con aftershock + rolling thunder de Breach para entradas cruzadas en Fracture.','https://www.youtube.com/watch?v=YdRweoHncu4',1,'2026-04-19 00:42:00'),(656,1,9,'Haven','Gu?a de Breach en Haven','Mini gu?a de aftershock de Breach en Haven: garage y romper holds defensivos.','https://www.youtube.com/watch?v=MRO4iE9q1D0',1,'2026-04-19 00:42:00'),(657,1,9,'Icebox','Gu?a de Breach en Icebox','C?mo limpiar ?ngulos comunes con Breach: fault line y rolling thunder en Icebox.','https://www.youtube.com/watch?v=R_njZnidXn0',1,'2026-04-19 00:42:00'),(658,1,9,'Lotus','Gu?a de Breach en Lotus','C?mo encadenar trades limpios con Breach: aftershock y fault line en Lotus.','https://www.youtube.com/watch?v=vP-_67t2mjw',1,'2026-04-19 00:42:00'),(659,1,9,'Pearl','Gu?a de Breach en Pearl','As? se usa flashpoint de Breach en Pearl ? foco en A main.','https://www.youtube.com/watch?v=8-etKs0bXY4',1,'2026-04-19 00:42:00'),(660,1,9,'Sunset','Gu?a de Breach en Sunset','C?mo limpiar ?ngulos comunes con Breach: aftershock y stuns en Sunset.','https://www.youtube.com/watch?v=SRBRDHMve3o',1,'2026-04-19 00:42:00'),(661,1,9,'Abyss','Gu?a de Breach en Abyss','Claves con stuns + fault line de Breach para huecos de ca?da en Abyss.','https://www.youtube.com/watch?v=3t2K5CbbKaQ',1,'2026-04-19 00:42:00'),(662,1,10,'Ascent','Gu?a de Skye en Ascent','Claves con seekers + guiding light de Skye para default CT en Ascent.','https://www.youtube.com/watch?v=hbfRsdxlZuY',1,'2026-04-19 00:42:00'),(663,1,10,'Breeze','Gu?a de Skye en Breeze','Skye en Breeze: combos de perro de info y regrowth para controlar zonas clave.','https://www.youtube.com/watch?v=fZIEzbmZYnw',1,'2026-04-19 00:42:00'),(664,1,10,'Fracture','Gu?a de Skye en Fracture','Skye en Fracture: combos de perro de info y seekers para encadenar trades limpios.','https://www.youtube.com/watch?v=pMnlZAN1ML0',1,'2026-04-19 00:42:00'),(665,1,10,'Haven','Gu?a de Skye en Haven','Gu?a sobre guiding light y seekers de Skye ? ?til en C long de Haven.','https://www.youtube.com/watch?v=LEgar8dJ0p8',1,'2026-04-19 00:42:00'),(666,1,10,'Icebox','Gu?a de Skye en Icebox','Spots clave de perro de info de Skye en Icebox: mid orbital y ejecutar plants seguros.','https://www.youtube.com/watch?v=881uAjwxtP8',1,'2026-04-19 00:42:00'),(667,1,10,'Lotus','Gu?a de Skye en Lotus','As? se usa regrowth de Skye en Lotus ? foco en C mound.','https://www.youtube.com/watch?v=1ZoNhR-RYag',1,'2026-04-19 00:42:00'),(668,1,10,'Split','Gu?a de Skye en Split','Split, heaven: aprovecha perro de info de Skye para coger info sin exponerte.','https://www.youtube.com/watch?v=l1xGQuDaY0Y',1,'2026-04-19 00:42:00'),(669,1,10,'Sunset','Gu?a de Skye en Sunset','Trucos con seekers de Skye en Sunset: entries cortos y ejecutar plants seguros.','https://www.youtube.com/watch?v=2N9EQxbYKZM',1,'2026-04-19 00:42:00'),(670,1,10,'Abyss','Gu?a de Skye en Abyss','Spots clave de regrowth aplicado a zonas de vac?o de Abyss con Skye.','https://www.youtube.com/watch?v=hbfRsdxlZuY',1,'2026-04-19 00:42:00'),(671,1,11,'Bind','Gu?a de KAY/O en Bind','As? se usa supresi?n de KAY/O en Bind ? foco en hookah.','https://www.youtube.com/watch?v=upRqW_UxEP4',1,'2026-04-19 00:42:00'),(672,1,11,'Breeze','Gu?a de KAY/O en Breeze','KAY/O en Breeze: combos de FLASH/drive y NULL/cmd para ganar duelos a distancia.','https://www.youtube.com/watch?v=Fm-jF2IeNq8',1,'2026-04-19 00:42:00'),(673,1,11,'Fracture','Gu?a de KAY/O en Fracture','Claves con FLASH/drive + NULL/cmd de KAY/O para spawn partido en Fracture.','https://www.youtube.com/watch?v=WeFrgsitYUk',1,'2026-04-19 00:42:00'),(674,1,11,'Haven','Gu?a de KAY/O en Haven','C?mo negar peek a los duelistas con KAY/O: NULL/cmd y ZERO/point en Haven.','https://www.youtube.com/watch?v=6fHB_Fdyw_4',1,'2026-04-19 00:42:00'),(675,1,11,'Icebox','Gu?a de KAY/O en Icebox','Tutorial corto de NULL/cmd de KAY/O en Icebox: verticalidad y ejecutar plants seguros.','https://www.youtube.com/watch?v=PfbVL1xbFnc',1,'2026-04-19 00:42:00'),(676,1,11,'Lotus','Gu?a de KAY/O en Lotus','Claves de ZERO/point de KAY/O en Lotus: C mound y controlar zonas clave.','https://www.youtube.com/watch?v=UOjxEWdYg7U',1,'2026-04-19 00:42:00'),(677,1,11,'Pearl','Gu?a de KAY/O en Pearl','Consejos con ZERO/point y supresi?n de KAY/O ? ?til en B main de Pearl.','https://www.youtube.com/watch?v=TvRWcN4HetA',1,'2026-04-19 00:42:00'),(678,1,11,'Sunset','Gu?a de KAY/O en Sunset','Timing y uso de FLASH/drive de KAY/O en Sunset: B tiles y encadenar trades limpios.','https://www.youtube.com/watch?v=kEyU458r2g0',1,'2026-04-19 00:42:00'),(679,1,11,'Abyss','Gu?a de KAY/O en Abyss','KAY/O en Abyss: combos de FLASH/drive y FRAG/ment para controlar zonas clave.','https://www.youtube.com/watch?v=bC_GFxeWVjE',1,'2026-04-19 00:42:00'),(680,1,12,'Breeze','Gu?a de Fade en Breeze','Breeze, ?ngulos largos: aprovecha seize de Fade para ganar tiempo al contrario.','https://www.youtube.com/watch?v=5yqNa4HIq5Q',1,'2026-04-19 00:42:00'),(681,1,12,'Fracture','Gu?a de Fade en Fracture','C?mo limpiar ?ngulos comunes con Fade: seize y nightfall en Fracture.','https://www.youtube.com/watch?v=fuNC4r484tc',1,'2026-04-19 00:42:00'),(682,1,12,'Haven','Gu?a de Fade en Haven','Repaso de nightfall y marcaje de Fade ? ?til en C long de Haven.','https://www.youtube.com/watch?v=hRxLP-zZc8Q',1,'2026-04-19 00:42:00'),(683,1,12,'Icebox','Gu?a de Fade en Icebox','Recopilatorio de nightfall y marcaje de Fade ? ?til en B nest de Icebox.','https://www.youtube.com/watch?v=KrnUX7WcSgs',1,'2026-04-19 00:42:00'),(684,1,12,'Lotus','Gu?a de Fade en Lotus','As? se usa haunt de Fade en Lotus ? foco en C mound.','https://www.youtube.com/watch?v=L-UDtA0B8x8',1,'2026-04-19 00:42:00'),(685,1,12,'Pearl','Gu?a de Fade en Pearl','C?mo cerrar rotaciones del rival con Fade: prowler y nightfall en Pearl.','https://www.youtube.com/watch?v=R3yyx7F9-Q0',1,'2026-04-19 00:42:00'),(686,1,12,'Split','Gu?a de Fade en Split','Split, heaven: aprovecha haunt de Fade para negar peek a los duelistas.','https://www.youtube.com/watch?v=ASw-L7uV4-c',1,'2026-04-19 00:42:00'),(687,1,12,'Sunset','Gu?a de Fade en Sunset','Rutinas de marcaje y nightfall de Fade ? ?til en market de Sunset.','https://www.youtube.com/watch?v=RFVkhxHJZOw',1,'2026-04-19 00:42:00'),(688,1,12,'Abyss','Gu?a de Fade en Abyss','Timing y uso de seize aplicado a zonas de vac?o de Abyss con Fade.','https://www.youtube.com/watch?v=n6G6M0jbmaE',1,'2026-04-19 00:42:00'),(689,1,13,'Ascent','Gu?a de Gekko en Ascent','Gu?a sobre criaturas reutilizables de Gekko en Ascent: B main y ganar duelos a distancia.','https://www.youtube.com/watch?v=TfMQq0kxjFM',1,'2026-04-19 00:42:00'),(690,1,13,'Bind','Gu?a de Gekko en Bind','Tutorial corto de wingman y mosh pit de Gekko ? ?til en teleports de Bind.','https://www.youtube.com/watch?v=7yV2u1tGyyk',1,'2026-04-19 00:42:00'),(691,1,13,'Breeze','Gu?a de Gekko en Breeze','C?mo controlar zonas clave con Gekko: wingman y criaturas reutilizables en Breeze.','https://www.youtube.com/watch?v=u24cy0vIdro',1,'2026-04-19 00:42:00'),(692,1,13,'Fracture','Gu?a de Gekko en Fracture','Claves con thrash + dizzy de Gekko para B arcade en Fracture.','https://www.youtube.com/watch?v=O7k9VIs8Czk',1,'2026-04-19 00:42:00'),(693,1,13,'Icebox','Gu?a de Gekko en Icebox','Claves con wingman + mosh pit de Gekko para B nest en Icebox.','https://www.youtube.com/watch?v=jElAIc29MYg',1,'2026-04-19 00:42:00'),(694,1,13,'Lotus','Gu?a de Gekko en Lotus','Mini gu?a de wingman aplicado a tres bombsites de Lotus con Gekko.','https://www.youtube.com/watch?v=De1TvkLWa5A',1,'2026-04-19 00:42:00'),(695,1,13,'Pearl','Gu?a de Gekko en Pearl','Claves con mosh pit + thrash de Gekko para sightlines largas en Pearl.','https://www.youtube.com/watch?v=E8wk8wT-igQ',1,'2026-04-19 00:42:00'),(696,1,13,'Sunset','Gu?a de Gekko en Sunset','Claves con criaturas reutilizables + mosh pit de Gekko para market en Sunset.','https://www.youtube.com/watch?v=UJzIqjGIBqg',1,'2026-04-19 00:42:00'),(697,1,13,'Abyss','Gu?a de Gekko en Abyss','As? se usa dizzy de Gekko en Abyss ? foco en pushes peligrosos.','https://www.youtube.com/watch?v=2BOms1sV4UU',1,'2026-04-19 00:42:00'),(698,1,14,'Ascent','Gu?a de Brimstone en Ascent','Consejos con stim beacon aplicado a zonas de control de Ascent con Brimstone.','https://www.youtube.com/watch?v=mlM4ub1nrnY',1,'2026-04-19 00:42:00'),(699,1,14,'Breeze','Gu?a de Brimstone en Breeze','Breeze, A cave: aprovecha incendiary de Brimstone para abrir el site sin trades.','https://www.youtube.com/watch?v=USxwhBiso1M',1,'2026-04-19 00:42:00'),(700,1,14,'Fracture','Gu?a de Brimstone en Fracture','As? se usa stim beacon de Brimstone en Fracture ? foco en spawn partido.','https://www.youtube.com/watch?v=fEikigj9UVs',1,'2026-04-19 00:42:00'),(701,1,14,'Haven','Gu?a de Brimstone en Haven','Ejecutes con stim beacon y humos a?reos de Brimstone ? ?til en tres sites de Haven.','https://www.youtube.com/watch?v=YwWR7lwboGU',1,'2026-04-19 00:42:00'),(702,1,14,'Icebox','Gu?a de Brimstone en Icebox','Repaso de orbital strike y stim beacon de Brimstone ? ?til en verticalidad de Icebox.','https://www.youtube.com/watch?v=XN7mxJ1RJKE',1,'2026-04-19 00:42:00'),(703,1,14,'Lotus','Gu?a de Brimstone en Lotus','As? se usa humos a?reos de Brimstone en Lotus ? foco en tres bombsites.','https://www.youtube.com/watch?v=R9qpcrsbPE0',1,'2026-04-19 00:42:00'),(704,1,14,'Split','Gu?a de Brimstone en Split','Split, mid vertical: aprovecha stim beacon de Brimstone para ganar tiempo al contrario.','https://www.youtube.com/watch?v=YAnEa2wGywM',1,'2026-04-19 00:42:00'),(705,1,14,'Sunset','Gu?a de Brimstone en Sunset','Spots clave de sky smoke y stim beacon de Brimstone ? ?til en B tiles de Sunset.','https://www.youtube.com/watch?v=Q8gvPdspKQE',1,'2026-04-19 00:42:00'),(706,1,14,'Abyss','Gu?a de Brimstone en Abyss','Claves de orbital strike aplicado a pushes peligrosos de Abyss con Brimstone.','https://www.youtube.com/watch?v=svDLBeEOQUE',1,'2026-04-19 00:42:00'),(707,1,15,'Ascent','Gu?a de Viper en Ascent','As? se usa toxic screen de Viper en Ascent ? foco en zonas de control.','https://www.youtube.com/watch?v=usH5oWyVtoc',1,'2026-04-19 00:42:00'),(708,1,15,'Breeze','Gu?a de Viper en Breeze','Repaso de viper\'s pit y toxic screen de Viper ? ?til en A cave de Breeze.','https://www.youtube.com/watch?v=H8r0DYiHfcc',1,'2026-04-19 00:42:00'),(709,1,15,'Fracture','Gu?a de Viper en Fracture','Viper en Fracture: combos de poison cloud y viper\'s pit para limpiar ?ngulos comunes.','https://www.youtube.com/watch?v=jlv-X3Q7EVg',1,'2026-04-19 00:42:00'),(710,1,15,'Haven','Gu?a de Viper en Haven','C?mo usar muro t?xico aplicado a C long de Haven con Viper.','https://www.youtube.com/watch?v=4bzWtc93Kkk',1,'2026-04-19 00:42:00'),(711,1,15,'Icebox','Gu?a de Viper en Icebox','Icebox, verticalidad: aprovecha poison cloud de Viper para aguantar retakes.','https://www.youtube.com/watch?v=zraT_niVJIk',1,'2026-04-19 00:42:00'),(712,1,15,'Lotus','Gu?a de Viper en Lotus','Lotus, C mound: aprovecha viper\'s pit de Viper para ejecutar plants seguros.','https://www.youtube.com/watch?v=3F5AGQbsaKk',1,'2026-04-19 00:42:00'),(713,1,15,'Split','Gu?a de Viper en Split','As? se usa toxic screen de Viper en Split ? foco en heaven.','https://www.youtube.com/watch?v=LW3r-NglV3A',1,'2026-04-19 00:42:00'),(714,1,15,'Sunset','Gu?a de Viper en Sunset','Sunset, B tiles: aprovecha snake bite de Viper para negar peek a los duelistas.','https://www.youtube.com/watch?v=2TLG-EVmMjM',1,'2026-04-19 00:42:00'),(715,1,15,'Abyss','Gu?a de Viper en Abyss','Trucos con snake bite y muro t?xico de Viper ? ?til en zonas de vac?o de Abyss.','https://www.youtube.com/watch?v=VNYjHQrBmoY',1,'2026-04-19 00:42:00'),(716,1,16,'Breeze','Gu?a de Omen en Breeze','Omen en Breeze: combos de shrouded step y dark cover para abrir el site sin trades.','https://www.youtube.com/watch?v=ydGrXcBttbo',1,'2026-04-19 00:42:00'),(717,1,16,'Fracture','Gu?a de Omen en Fracture','As? se usa dark cover de Omen en Fracture ? foco en entradas cruzadas.','https://www.youtube.com/watch?v=u9DZdgiUSSU',1,'2026-04-19 00:42:00'),(718,1,16,'Haven','Gu?a de Omen en Haven','Claves con shrouded step + from the shadows de Omen para tres sites en Haven.','https://www.youtube.com/watch?v=qH7ZIczFUzo',1,'2026-04-19 00:42:00'),(719,1,16,'Icebox','Gu?a de Omen en Icebox','Rutinas de paranoia de Omen en Icebox: verticalidad y limpiar ?ngulos comunes.','https://www.youtube.com/watch?v=NxM2ypzT7AI',1,'2026-04-19 00:42:00'),(720,1,16,'Lotus','Gu?a de Omen en Lotus','Omen en Lotus: combos de paranoia y dark cover para negar peek a los duelistas.','https://www.youtube.com/watch?v=ydGrXcBttbo',1,'2026-04-19 00:42:00'),(721,1,16,'Pearl','Gu?a de Omen en Pearl','Pearl, sightlines largas: aprovecha paranoia de Omen para aguantar retakes.','https://www.youtube.com/watch?v=u9DZdgiUSSU',1,'2026-04-19 00:42:00'),(722,1,16,'Split','Gu?a de Omen en Split','C?mo cerrar rotaciones del rival con Omen: shrouded step y paranoia en Split.','https://www.youtube.com/watch?v=qH7ZIczFUzo',1,'2026-04-19 00:42:00'),(723,1,16,'Sunset','Gu?a de Omen en Sunset','Ejecutes con dark cover de Omen en Sunset: B tiles y limpiar ?ngulos comunes.','https://www.youtube.com/watch?v=ydGrXcBttbo',1,'2026-04-19 00:42:00'),(724,1,16,'Abyss','Gu?a de Omen en Abyss','Spots clave de teleport de Omen en Abyss: pushes peligrosos y limpiar ?ngulos comunes.','https://www.youtube.com/watch?v=u9DZdgiUSSU',1,'2026-04-19 00:42:00'),(725,1,17,'Bind','Gu?a de Astra en Bind','Trucos con astral form de Astra en Bind: hookah y ganar duelos a distancia.','https://www.youtube.com/watch?v=yCdSKvH6vsQ',1,'2026-04-19 00:42:00'),(726,1,17,'Breeze','Gu?a de Astra en Breeze','Trucos con astral form de Astra en Breeze: A cave y ejecutar plants seguros.','https://www.youtube.com/watch?v=Z2gIsLfgo4g',1,'2026-04-19 00:42:00'),(727,1,17,'Fracture','Gu?a de Astra en Fracture','C?mo ejecutar plants seguros con Astra: estrellas y astral form en Fracture.','https://www.youtube.com/watch?v=Vhvk5UaZwfU',1,'2026-04-19 00:42:00'),(728,1,17,'Icebox','Gu?a de Astra en Icebox','Astra en Icebox: combos de nova pulse y estrellas para controlar zonas clave.','https://www.youtube.com/watch?v=NoqQLNJcoZk',1,'2026-04-19 00:42:00'),(729,1,17,'Lotus','Gu?a de Astra en Lotus','As? se usa nebula de Astra en Lotus ? foco en tres bombsites.','https://www.youtube.com/watch?v=5UN-A8BOi5I',1,'2026-04-19 00:42:00'),(730,1,17,'Pearl','Gu?a de Astra en Pearl','C?mo limpiar ?ngulos comunes con Astra: nova pulse y estrellas en Pearl.','https://www.youtube.com/watch?v=QHz3kllIU1E',1,'2026-04-19 00:42:00'),(731,1,17,'Split','Gu?a de Astra en Split','Split, mid vertical: aprovecha nebula de Astra para encadenar trades limpios.','https://www.youtube.com/watch?v=DWOartQLdFI',1,'2026-04-19 00:42:00'),(732,1,17,'Sunset','Gu?a de Astra en Sunset','Astra en Sunset: combos de gravity well y nova pulse para controlar zonas clave.','https://www.youtube.com/watch?v=yCdSKvH6vsQ',1,'2026-04-19 00:42:00'),(733,1,17,'Abyss','Gu?a de Astra en Abyss','Recopilatorio de nova pulse aplicado a pushes peligrosos de Abyss con Astra.','https://www.youtube.com/watch?v=Z2gIsLfgo4g',1,'2026-04-19 00:42:00'),(734,1,18,'Ascent','Gu?a de Harbor en Ascent','Ascent, zonas de control: aprovecha cove de Harbor para controlar zonas clave.','https://www.youtube.com/watch?v=WMjrkvj-3JQ',1,'2026-04-19 00:42:00'),(735,1,18,'Breeze','Gu?a de Harbor en Breeze','Consejos con cascade aplicado a A cave de Breeze con Harbor.','https://www.youtube.com/watch?v=2XYEVGYRDvI',1,'2026-04-19 00:42:00'),(736,1,18,'Fracture','Gu?a de Harbor en Fracture','Harbor en Fracture: combos de cove y high tide para abrir el site sin trades.','https://www.youtube.com/watch?v=VCYmRe2QrIE',1,'2026-04-19 00:42:00'),(737,1,18,'Haven','Gu?a de Harbor en Haven','Timing y uso de cove de Harbor en Haven: C long y controlar zonas clave.','https://www.youtube.com/watch?v=0SlEtW7TL1Q',1,'2026-04-19 00:42:00'),(738,1,18,'Icebox','Gu?a de Harbor en Icebox','As? se usa cascade de Harbor en Icebox ? foco en verticalidad.','https://www.youtube.com/watch?v=XbI5deMRdT0',1,'2026-04-19 00:42:00'),(739,1,18,'Lotus','Gu?a de Harbor en Lotus','C?mo negar peek a los duelistas con Harbor: high tide y cove en Lotus.','https://www.youtube.com/watch?v=jAErL5AQEFA',1,'2026-04-19 00:42:00'),(740,1,18,'Split','Gu?a de Harbor en Split','Harbor en Split: combos de cove y cascade para cerrar rotaciones del rival.','https://www.youtube.com/watch?v=oBW3N7fD00o',1,'2026-04-19 00:42:00'),(741,1,18,'Sunset','Gu?a de Harbor en Sunset','As? se usa cascade de Harbor en Sunset ? foco en B tiles.','https://www.youtube.com/watch?v=BWBVqPGtft8',1,'2026-04-19 00:42:00'),(742,1,18,'Abyss','Gu?a de Harbor en Abyss','Claves con reckoning + muros de agua de Harbor para zonas de vac?o en Abyss.','https://www.youtube.com/watch?v=2XYEVGYRDvI',1,'2026-04-19 00:42:00'),(743,1,19,'Breeze','Gu?a de Clove en Breeze','As? se usa humos auto-regenerables de Clove en Breeze ? foco en mid doors.','https://www.youtube.com/watch?v=892NsMU29y0',1,'2026-04-19 00:42:00'),(744,1,19,'Fracture','Gu?a de Clove en Fracture','C?mo ejecutar plants seguros con Clove: humos auto-regenerables y pick-me-up en Fracture.','https://www.youtube.com/watch?v=IvmVxV-5nYI',1,'2026-04-19 00:42:00'),(745,1,19,'Haven','Gu?a de Clove en Haven','Haven, garage: aprovecha humos auto-regenerables de Clove para controlar zonas clave.','https://www.youtube.com/watch?v=BQDdq_jOiOE',1,'2026-04-19 00:42:00'),(746,1,19,'Icebox','Gu?a de Clove en Icebox','C?mo usar humos auto-regenerables aplicado a mid orbital de Icebox con Clove.','https://www.youtube.com/watch?v=woHvKOTU0hM',1,'2026-04-19 00:42:00'),(747,1,19,'Lotus','Gu?a de Clove en Lotus','Gu?a sobre pick-me-up aplicado a A main de Lotus con Clove.','https://www.youtube.com/watch?v=fSr2kcXibPo',1,'2026-04-19 00:42:00'),(748,1,19,'Pearl','Gu?a de Clove en Pearl','Claves con ruse + not dead yet de Clove para A main en Pearl.','https://www.youtube.com/watch?v=YLgS9UxiTQg',1,'2026-04-19 00:42:00'),(749,1,19,'Split','Gu?a de Clove en Split','C?mo usar meddle y humos auto-regenerables de Clove ? ?til en vents de Split.','https://www.youtube.com/watch?v=3OSRnwXN6sw',1,'2026-04-19 00:42:00'),(750,1,19,'Sunset','Gu?a de Clove en Sunset','Spots clave de pick-me-up aplicado a entries cortos de Sunset con Clove.','https://www.youtube.com/watch?v=JPyLb6RCHls',1,'2026-04-19 00:42:00'),(751,1,19,'Abyss','Gu?a de Clove en Abyss','As? se usa humos auto-regenerables de Clove en Abyss ? foco en huecos de ca?da.','https://www.youtube.com/watch?v=IvmVxV-5nYI',1,'2026-04-19 00:42:00'),(752,1,20,'Bind','Gu?a de Sage en Bind','C?mo limpiar ?ngulos comunes con Sage: muro de hielo y slow orb en Bind.','https://www.youtube.com/watch?v=H48jj-BP8x0',1,'2026-04-19 00:42:00'),(753,1,20,'Breeze','Gu?a de Sage en Breeze','As? se usa healing orb de Sage en Breeze ? foco en A cave.','https://www.youtube.com/watch?v=svPKK9swRr4',1,'2026-04-19 00:42:00'),(754,1,20,'Fracture','Gu?a de Sage en Fracture','C?mo abrir el site sin trades con Sage: healing orb y resurrection en Fracture.','https://www.youtube.com/watch?v=tnNyr5fVWiI',1,'2026-04-19 00:42:00'),(755,1,20,'Haven','Gu?a de Sage en Haven','Sage en Haven: combos de resurrection y muro de hielo para abrir el site sin trades.','https://www.youtube.com/watch?v=tD3kncWy55M',1,'2026-04-19 00:42:00'),(756,1,20,'Lotus','Gu?a de Sage en Lotus','Claves con slow orb + barrier orb de Sage para tres bombsites en Lotus.','https://www.youtube.com/watch?v=hPfprsetbmQ',1,'2026-04-19 00:42:00'),(757,1,20,'Pearl','Gu?a de Sage en Pearl','Compilaci?n con resurrection aplicado a sightlines largas de Pearl con Sage.','https://www.youtube.com/watch?v=bRm718yyO58',1,'2026-04-19 00:42:00'),(758,1,20,'Split','Gu?a de Sage en Split','Ejecutes con barrier orb de Sage en Split: mid vertical y negar peek a los duelistas.','https://www.youtube.com/watch?v=zrSuDcmSQzA',1,'2026-04-19 00:42:00'),(759,1,20,'Sunset','Gu?a de Sage en Sunset','Repaso de healing orb aplicado a B tiles de Sunset con Sage.','https://www.youtube.com/watch?v=H48jj-BP8x0',1,'2026-04-19 00:42:00'),(760,1,20,'Abyss','Gu?a de Sage en Abyss','C?mo ejecutar plants seguros con Sage: barrier orb y slow orb en Abyss.','https://www.youtube.com/watch?v=svPKK9swRr4',1,'2026-04-19 00:42:00'),(761,1,21,'Bind','Gu?a de Cypher en Bind','Claves con trapwire + c?mara esp?a de Cypher para lane corta en Bind.','https://www.youtube.com/watch?v=UsfCu5uL3Qs',1,'2026-04-19 00:42:00'),(762,1,21,'Breeze','Gu?a de Cypher en Breeze','C?mo ganar tiempo al contrario con Cypher: cyber cage y spycam en Breeze.','https://www.youtube.com/watch?v=fhzq07kh3rc',1,'2026-04-19 00:42:00'),(763,1,21,'Fracture','Gu?a de Cypher en Fracture','As? se usa c?mara esp?a de Cypher en Fracture ? foco en A dish.','https://www.youtube.com/watch?v=Lop6WUQ3K_s',1,'2026-04-19 00:42:00'),(764,1,21,'Haven','Gu?a de Cypher en Haven','As? se usa cyber cage de Cypher en Haven ? foco en C long.','https://www.youtube.com/watch?v=AG2E4X2ODFg',1,'2026-04-19 00:42:00'),(765,1,21,'Lotus','Gu?a de Cypher en Lotus','Spots clave de spycam y neural theft de Cypher ? ?til en C mound de Lotus.','https://www.youtube.com/watch?v=oVPSoiEMOCE',1,'2026-04-19 00:42:00'),(766,1,21,'Pearl','Gu?a de Cypher en Pearl','Timing y uso de cyber cage de Cypher en Pearl: B main y encadenar trades limpios.','https://www.youtube.com/watch?v=CCK0WpUyqDU',1,'2026-04-19 00:42:00'),(767,1,21,'Split','Gu?a de Cypher en Split','C?mo usar c?mara esp?a aplicado a heaven de Split con Cypher.','https://www.youtube.com/watch?v=5nxfbTCCetw',1,'2026-04-19 00:42:00'),(768,1,21,'Sunset','Gu?a de Cypher en Sunset','Claves con neural theft + c?mara esp?a de Cypher para B tiles en Sunset.','https://www.youtube.com/watch?v=RkwgZLPoJJw',1,'2026-04-19 00:42:00'),(769,1,21,'Abyss','Gu?a de Cypher en Abyss','Abyss, zonas de vac?o: aprovecha c?mara esp?a de Cypher para encadenar trades limpios.','https://www.youtube.com/watch?v=EiU1fljyljU',1,'2026-04-19 00:42:00'),(770,1,22,'Bind','Gu?a de Killjoy en Bind','As? se usa turret de Killjoy en Bind ? foco en lane corta.','https://www.youtube.com/watch?v=BP5p297sPKI',1,'2026-04-19 00:42:00'),(771,1,22,'Breeze','Gu?a de Killjoy en Breeze','Timing y uso de nanoswarm aplicado a ?ngulos largos de Breeze con Killjoy.','https://www.youtube.com/watch?v=J67_kOwZTcE',1,'2026-04-19 00:42:00'),(772,1,22,'Haven','Gu?a de Killjoy en Haven','Claves con alarmbot + nanoswarm de Killjoy para rotaciones r?pidas en Haven.','https://www.youtube.com/watch?v=P3XOGete9PA',1,'2026-04-19 00:42:00'),(773,1,22,'Icebox','Gu?a de Killjoy en Icebox','As? se usa turret de Killjoy en Icebox ? foco en B nest.','https://www.youtube.com/watch?v=TKtC3y5LhQ4',1,'2026-04-19 00:42:00'),(774,1,22,'Lotus','Gu?a de Killjoy en Lotus','Killjoy en Lotus: combos de lockdown y gadgets defensivos para cerrar rotaciones del rival.','https://www.youtube.com/watch?v=XYxpZV8V_0A',1,'2026-04-19 00:42:00'),(775,1,22,'Pearl','Gu?a de Killjoy en Pearl','Pearl, mid link: aprovecha nanoswarm de Killjoy para ejecutar plants seguros.','https://www.youtube.com/watch?v=X9fKNKoH1yg',1,'2026-04-19 00:42:00'),(776,1,22,'Split','Gu?a de Killjoy en Split','C?mo aguantar retakes con Killjoy: turret y lockdown en Split.','https://www.youtube.com/watch?v=8wenS-w4xZY',1,'2026-04-19 00:42:00'),(777,1,22,'Sunset','Gu?a de Killjoy en Sunset','As? se usa gadgets defensivos de Killjoy en Sunset ? foco en market.','https://www.youtube.com/watch?v=iSLtcNgcFIE',1,'2026-04-19 00:42:00'),(778,1,22,'Abyss','Gu?a de Killjoy en Abyss','Spots clave de gadgets defensivos de Killjoy en Abyss: pasarelas y cerrar rotaciones del rival.','https://www.youtube.com/watch?v=1Q3Nj6NLRVc',1,'2026-04-19 00:42:00'),(779,1,23,'Bind','Gu?a de Chamber en Bind','Claves de trademark y headhunter de Chamber ? ?til en lane corta de Bind.','https://www.youtube.com/watch?v=fMTrG_1CVwU',1,'2026-04-19 00:42:00'),(780,1,23,'Fracture','Gu?a de Chamber en Fracture','Timing y uso de pistola precisa y tour de force de Chamber ? ?til en B arcade de Fracture.','https://www.youtube.com/watch?v=Q14Z_MvPIAY',1,'2026-04-19 00:42:00'),(781,1,23,'Haven','Gu?a de Chamber en Haven','C?mo encadenar trades limpios con Chamber: tour de force y pistola precisa en Haven.','https://www.youtube.com/watch?v=xFCUDdUYUKA',1,'2026-04-19 00:42:00'),(782,1,23,'Icebox','Gu?a de Chamber en Icebox','Rutinas de rendezvous aplicado a altura yellow de Icebox con Chamber.','https://www.youtube.com/watch?v=ukrThNybaBg',1,'2026-04-19 00:42:00'),(783,1,23,'Lotus','Gu?a de Chamber en Lotus','Recopilatorio de trademark de Chamber en Lotus: C mound y romper holds defensivos.','https://www.youtube.com/watch?v=cJIWLwhazSM',1,'2026-04-19 00:42:00'),(784,1,23,'Pearl','Gu?a de Chamber en Pearl','Gu?a sobre rendezvous y tour de force de Chamber ? ?til en B main de Pearl.','https://www.youtube.com/watch?v=A6Mq-TRqRcU',1,'2026-04-19 00:42:00'),(785,1,23,'Split','Gu?a de Chamber en Split','Claves con rendezvous + headhunter de Chamber para heaven en Split.','https://www.youtube.com/watch?v=qRb8EUu-o7s',1,'2026-04-19 00:42:00'),(786,1,23,'Sunset','Gu?a de Chamber en Sunset','Mini gu?a de headhunter aplicado a A main de Sunset con Chamber.','https://www.youtube.com/watch?v=80WbxXOaXx0',1,'2026-04-19 00:42:00'),(787,1,23,'Abyss','Gu?a de Chamber en Abyss','Chamber en Abyss: combos de tour de force y trademark para romper holds defensivos.','https://www.youtube.com/watch?v=4mu9aASIz2E',1,'2026-04-19 00:42:00'),(788,1,24,'Bind','Gu?a de Deadlock en Bind','Claves con annihilation + sensor de sonido de Deadlock para A short en Bind.','https://www.youtube.com/watch?v=PRWpPWBjwo0',1,'2026-04-19 00:42:00'),(789,1,24,'Breeze','Gu?a de Deadlock en Breeze','Deadlock en Breeze: combos de annihilation y sensor de sonido para controlar zonas clave.','https://www.youtube.com/watch?v=M3Kx07EbO6Y',1,'2026-04-19 00:42:00'),(790,1,24,'Fracture','Gu?a de Deadlock en Fracture','Claves con barrier mesh + annihilation de Deadlock para entradas cruzadas en Fracture.','https://www.youtube.com/watch?v=8GpukdEefHg',1,'2026-04-19 00:42:00'),(791,1,24,'Haven','Gu?a de Deadlock en Haven','Mini gu?a de sonic sensor aplicado a garage de Haven con Deadlock.','https://www.youtube.com/watch?v=qnOBYBzhdzM',1,'2026-04-19 00:42:00'),(792,1,24,'Icebox','Gu?a de Deadlock en Icebox','Compilaci?n con barrier mesh de Deadlock en Icebox: B nest y ejecutar plants seguros.','https://www.youtube.com/watch?v=CdCHybbXgac',1,'2026-04-19 00:42:00'),(793,1,24,'Lotus','Gu?a de Deadlock en Lotus','Lotus, A main: aprovecha barrier mesh de Deadlock para negar peek a los duelistas.','https://www.youtube.com/watch?v=Ri--MpCVwwU',1,'2026-04-19 00:42:00'),(794,1,24,'Pearl','Gu?a de Deadlock en Pearl','Deadlock en Pearl: combos de sensor de sonido y sonic sensor para negar peek a los duelistas.','https://www.youtube.com/watch?v=AeGoQXakBQA',1,'2026-04-19 00:42:00'),(795,1,24,'Sunset','Gu?a de Deadlock en Sunset','Consejos con sensor de sonido de Deadlock en Sunset: market y encadenar trades limpios.','https://www.youtube.com/watch?v=fGmbnhEKMWo',1,'2026-04-19 00:42:00'),(796,1,24,'Abyss','Gu?a de Deadlock en Abyss','Ejecutes con gravnet y sonic sensor de Deadlock ? ?til en huecos de ca?da de Abyss.','https://www.youtube.com/watch?v=6Ek1mjGSLzE',1,'2026-04-19 00:42:00'),(797,1,25,'Ascent','Gu?a de Vyse en Ascent','C?mo encadenar trades limpios con Vyse: arc rose y steel garden en Ascent.','https://www.youtube.com/watch?v=DU4gSbmFyoc',1,'2026-04-19 00:42:00'),(798,1,25,'Breeze','Gu?a de Vyse en Breeze','Claves de arc rose de Vyse en Breeze: pir?mides y ejecutar plants seguros.','https://www.youtube.com/watch?v=6A9QGeWSZmk',1,'2026-04-19 00:42:00'),(799,1,25,'Fracture','Gu?a de Vyse en Fracture','C?mo coger info sin exponerte con Vyse: razorvine y shear en Fracture.','https://www.youtube.com/watch?v=HELCuSSM01U',1,'2026-04-19 00:42:00'),(800,1,25,'Haven','Gu?a de Vyse en Haven','C?mo romper holds defensivos con Vyse: arc rose y trampas met?licas en Haven.','https://www.youtube.com/watch?v=8GpO4vpXWk8',1,'2026-04-19 00:42:00'),(801,1,25,'Icebox','Gu?a de Vyse en Icebox','Vyse en Icebox: combos de shear y steel garden para ganar duelos a distancia.','https://www.youtube.com/watch?v=dSuqFdGn1YE',1,'2026-04-19 00:42:00'),(802,1,25,'Lotus','Gu?a de Vyse en Lotus','Compilaci?n con arc rose de Vyse en Lotus: A main y encadenar trades limpios.','https://www.youtube.com/watch?v=wHLjMBSainM',1,'2026-04-19 00:42:00'),(803,1,25,'Pearl','Gu?a de Vyse en Pearl','Consejos con arc rose y razorvine de Vyse ? ?til en A main de Pearl.','https://www.youtube.com/watch?v=1k5qaN8mAuU',1,'2026-04-19 00:42:00'),(804,1,25,'Split','Gu?a de Vyse en Split','Claves con steel garden + shear de Vyse para vents en Split.','https://www.youtube.com/watch?v=cZL-ZjgVoWk',1,'2026-04-19 00:42:00'),(805,1,25,'Abyss','Gu?a de Vyse en Abyss','Vyse en Abyss: combos de steel garden y arc rose para cerrar rotaciones del rival.','https://www.youtube.com/watch?v=V0K6kacM-Fk',1,'2026-04-19 00:42:00');
/*!40000 ALTER TABLE `lineup` ENABLE KEYS */;
UNLOCK TABLES;

--
-- Table structure for table `mensaje`
--

DROP TABLE IF EXISTS `mensaje`;
/*!40101 SET @saved_cs_client     = @@character_set_client */;
/*!40101 SET character_set_client = utf8 */;
CREATE TABLE `mensaje` (
  `id` int(11) NOT NULL AUTO_INCREMENT,
  `emisor_id` int(11) NOT NULL,
  `receptor_id` int(11) NOT NULL,
  `contenido` text NOT NULL,
  `tipo` enum('text','valorant_code','discord_link','discord_id','riot_id') NOT NULL DEFAULT 'text',
  `leido` tinyint(1) NOT NULL DEFAULT 0,
  `creado_en` datetime NOT NULL DEFAULT current_timestamp(),
  PRIMARY KEY (`id`),
  KEY `FK_me_emisor` (`emisor_id`),
  KEY `FK_me_receptor` (`receptor_id`),
  CONSTRAINT `FK_me_emisor` FOREIGN KEY (`emisor_id`) REFERENCES `usuario` (`id`) ON DELETE CASCADE,
  CONSTRAINT `FK_me_receptor` FOREIGN KEY (`receptor_id`) REFERENCES `usuario` (`id`) ON DELETE CASCADE
) ENGINE=InnoDB AUTO_INCREMENT=36 DEFAULT CHARSET=utf8mb4 COLLATE=utf8mb4_unicode_ci;
/*!40101 SET character_set_client = @saved_cs_client */;

--
-- Dumping data for table `mensaje`
--

LOCK TABLES `mensaje` WRITE;
/*!40000 ALTER TABLE `mensaje` DISABLE KEYS */;
INSERT INTO `mensaje` VALUES (8,6,20,'buena esa clutch del otro d?a','text',1,'2026-04-14 00:19:12'),(9,20,6,'jaja gracias','text',1,'2026-04-14 00:21:12'),(10,6,20,'mi discord: 392847192837182746','discord_id',1,'2026-04-18 23:19:12'),(11,20,13,'tienes c?digo?','text',1,'2026-04-18 21:19:12'),(12,13,20,'#DHX74K2','valorant_code',1,'2026-04-18 23:09:12'),(13,4,20,'no jugaste ayer','text',1,'2026-04-09 00:19:12'),(14,20,4,'estaba estudiando','text',1,'2026-04-09 00:22:12'),(15,20,13,'#DHX74K2','valorant_code',0,'2026-04-20 09:51:07'),(19,8,20,'?Hola! ?Te animas a unas rankeadas esta noche?','text',1,'2026-04-20 09:07:49'),(20,20,8,'Claro, ?a qu? hora?','text',1,'2026-04-20 09:09:49'),(21,8,20,'A las 22:30. Te paso el Discord del grupo:','text',1,'2026-04-20 09:15:49'),(22,8,20,'https://discord.gg/valorant-esp','discord_link',1,'2026-04-20 09:15:49'),(23,20,8,'Apunta mi Discord ID, te a?ado:','text',1,'2026-04-20 09:20:49'),(24,20,8,'287653219054923776','discord_id',1,'2026-04-20 09:20:49'),(25,8,20,'?Y tu Riot ID para invitarte al grupo?','text',1,'2026-04-20 09:27:49'),(26,20,8,'GoldRush#EUW','riot_id',1,'2026-04-20 09:28:49'),(27,8,20,'Perfecto. El m?o por si acaso:','text',1,'2026-04-20 09:30:49'),(28,8,20,'GoldStandard#1234','riot_id',1,'2026-04-20 09:30:49'),(29,8,20,'C?digo del grupo privado para esta noche:','text',1,'2026-04-20 09:43:49'),(30,8,20,'#VALO2026','valorant_code',1,'2026-04-20 09:43:49'),(31,20,8,'Genial. Prueba tambi?n con este si falla:','text',1,'2026-04-20 09:45:49'),(32,20,8,'VAL-GOLD-2026','valorant_code',1,'2026-04-20 09:45:49'),(33,8,20,'Nos vemos en Discord ??','text',1,'2026-04-20 09:50:49'),(34,20,8,'Entrando ya','text',0,'2026-04-20 09:53:49'),(35,20,8,'holaquetal#2343','riot_id',0,'2026-04-20 09:57:16');
/*!40000 ALTER TABLE `mensaje` ENABLE KEYS */;
UNLOCK TABLES;

--
-- Table structure for table `riot_stats`
--

DROP TABLE IF EXISTS `riot_stats`;
/*!40101 SET @saved_cs_client     = @@character_set_client */;
/*!40101 SET character_set_client = utf8 */;
CREATE TABLE `riot_stats` (
  `puuid` varchar(120) NOT NULL,
  `stats_json` text NOT NULL,
  `updated_at` datetime NOT NULL,
  PRIMARY KEY (`puuid`)
) ENGINE=InnoDB DEFAULT CHARSET=utf8mb4 COLLATE=utf8mb4_unicode_ci;
/*!40101 SET character_set_client = @saved_cs_client */;

--
-- Dumping data for table `riot_stats`
--

LOCK TABLES `riot_stats` WRITE;
/*!40000 ALTER TABLE `riot_stats` DISABLE KEYS */;
/*!40000 ALTER TABLE `riot_stats` ENABLE KEYS */;
UNLOCK TABLES;

--
-- Table structure for table `solicitud_equipo`
--

DROP TABLE IF EXISTS `solicitud_equipo`;
/*!40101 SET @saved_cs_client     = @@character_set_client */;
/*!40101 SET character_set_client = utf8 */;
CREATE TABLE `solicitud_equipo` (
  `id` int(11) NOT NULL AUTO_INCREMENT,
  `usuario_id` int(11) NOT NULL,
  `rango_min` enum('Iron','Bronze','Silver','Gold','Platinum','Diamond','Ascendant','Immortal','Radiant') NOT NULL,
  `rango_max` enum('Iron','Bronze','Silver','Gold','Platinum','Diamond','Ascendant','Immortal','Radiant') NOT NULL,
  `mensaje` varchar(255) DEFAULT NULL,
  `activa` tinyint(1) NOT NULL DEFAULT 1,
  `creado_en` datetime NOT NULL DEFAULT current_timestamp(),
  PRIMARY KEY (`id`),
  KEY `FK_so_usuario` (`usuario_id`),
  CONSTRAINT `FK_so_usuario` FOREIGN KEY (`usuario_id`) REFERENCES `usuario` (`id`) ON DELETE CASCADE
) ENGINE=InnoDB DEFAULT CHARSET=utf8mb4 COLLATE=utf8mb4_unicode_ci;
/*!40101 SET character_set_client = @saved_cs_client */;

--
-- Dumping data for table `solicitud_equipo`
--

LOCK TABLES `solicitud_equipo` WRITE;
/*!40000 ALTER TABLE `solicitud_equipo` DISABLE KEYS */;
/*!40000 ALTER TABLE `solicitud_equipo` ENABLE KEYS */;
UNLOCK TABLES;

--
-- Table structure for table `usuario`
--

DROP TABLE IF EXISTS `usuario`;
/*!40101 SET @saved_cs_client     = @@character_set_client */;
/*!40101 SET character_set_client = utf8 */;
CREATE TABLE `usuario` (
  `id` int(11) NOT NULL AUTO_INCREMENT,
  `username` varchar(50) NOT NULL,
  `email` varchar(100) NOT NULL,
  `password_hash` varchar(255) NOT NULL,
  `rango` enum('Sin clasificar','Iron 1','Iron 2','Iron 3','Bronze 1','Bronze 2','Bronze 3','Silver 1','Silver 2','Silver 3','Gold 1','Gold 2','Gold 3','Platinum 1','Platinum 2','Platinum 3','Diamond 1','Diamond 2','Diamond 3','Ascendant 1','Ascendant 2','Ascendant 3','Immortal 1','Immortal 2','Immortal 3','Radiant') NOT NULL DEFAULT 'Sin clasificar',
  `rango_rr` int(11) NOT NULL DEFAULT 0,
  `region` enum('EU','NA','LATAM','BR','AP','KR') NOT NULL DEFAULT 'EU',
  `es_admin` tinyint(1) NOT NULL DEFAULT 0,
  `riot_id` varchar(50) DEFAULT NULL,
  `riot_tag` varchar(10) DEFAULT NULL,
  `riot_region` enum('eu','na','ap','kr','latam','br') DEFAULT NULL,
  `riot_id_visible` tinyint(1) NOT NULL DEFAULT 1,
  `creado_en` datetime NOT NULL DEFAULT current_timestamp(),
  `ultima_actividad` datetime DEFAULT NULL,
  `estado_presencia` enum('en_linea','ausente','invisible') NOT NULL DEFAULT 'en_linea',
  `tipo_usuario` enum('real','ficticio') NOT NULL DEFAULT 'real',
  `perfil_completo` enum('si','no') NOT NULL DEFAULT 'no',
  PRIMARY KEY (`id`),
  UNIQUE KEY `UQ_username` (`username`),
  UNIQUE KEY `UQ_email` (`email`)
) ENGINE=InnoDB AUTO_INCREMENT=24 DEFAULT CHARSET=utf8mb4 COLLATE=utf8mb4_unicode_ci;
/*!40101 SET character_set_client = @saved_cs_client */;

--
-- Dumping data for table `usuario`
--

LOCK TABLES `usuario` WRITE;
/*!40000 ALTER TABLE `usuario` DISABLE KEYS */;
INSERT INTO `usuario` VALUES (1,'admin','admin@valosense.com','$2y$10$gkcfJKk5/xNfaX8Qf67SNOqKvEX.OOl6AtljZrWrcY1pBSaioq/ei','Iron 1',0,'EU',1,NULL,NULL,NULL,1,'2026-04-18 17:56:05',NULL,'en_linea','ficticio','si'),(2,'iron_novato','iron_novato@test.valosense','$2y$10$gkcfJKk5/xNfaX8Qf67SNOqKvEX.OOl6AtljZrWrcY1pBSaioq/ei','Iron 1',0,'EU',0,NULL,NULL,NULL,1,'2026-04-18 18:38:51',NULL,'en_linea','ficticio','si'),(3,'iron_learner','iron_learner@test.valosense','$2y$10$gkcfJKk5/xNfaX8Qf67SNOqKvEX.OOl6AtljZrWrcY1pBSaioq/ei','Iron 1',0,'NA',0,NULL,NULL,NULL,1,'2026-04-18 18:38:51',NULL,'en_linea','ficticio','si'),(4,'bronze_climb','bronze_climb@test.valosense','$2y$10$gkcfJKk5/xNfaX8Qf67SNOqKvEX.OOl6AtljZrWrcY1pBSaioq/ei','Bronze 1',0,'EU',0,NULL,NULL,NULL,1,'2026-04-18 18:38:51','2026-04-18 22:19:12','en_linea','ficticio','si'),(5,'bronze_duo','bronze_duo@test.valosense','$2y$10$gkcfJKk5/xNfaX8Qf67SNOqKvEX.OOl6AtljZrWrcY1pBSaioq/ei','Bronze 1',0,'LATAM',0,NULL,NULL,NULL,1,'2026-04-18 18:38:51',NULL,'en_linea','ficticio','si'),(6,'silver_fox','silver_fox@test.valosense','$2y$10$gkcfJKk5/xNfaX8Qf67SNOqKvEX.OOl6AtljZrWrcY1pBSaioq/ei','Silver 1',0,'EU',0,'SilverFox','EUW2','eu',0,'2026-04-18 18:38:51','2026-04-19 00:19:12','en_linea','ficticio','si'),(7,'silver_bullet','silver_bullet@test.valosense','$2y$10$gkcfJKk5/xNfaX8Qf67SNOqKvEX.OOl6AtljZrWrcY1pBSaioq/ei','Silver 1',0,'NA',0,NULL,NULL,NULL,1,'2026-04-18 18:38:51',NULL,'en_linea','ficticio','si'),(8,'gold_standard','gold_standard@test.valosense','$2y$10$gkcfJKk5/xNfaX8Qf67SNOqKvEX.OOl6AtljZrWrcY1pBSaioq/ei','Gold 1',0,'EU',0,'GoldStandard','EUW1','eu',1,'2026-04-18 18:38:51','2026-04-19 00:19:12','en_linea','ficticio','si'),(9,'gold_rush','gold_rush@test.valosense','$2y$10$gkcfJKk5/xNfaX8Qf67SNOqKvEX.OOl6AtljZrWrcY1pBSaioq/ei','Gold 1',0,'BR',0,NULL,NULL,NULL,1,'2026-04-18 18:38:51',NULL,'en_linea','ficticio','si'),(10,'gold_mine','gold_mine@test.valosense','$2y$10$gkcfJKk5/xNfaX8Qf67SNOqKvEX.OOl6AtljZrWrcY1pBSaioq/ei','Gold 1',0,'NA',0,NULL,NULL,NULL,1,'2026-04-18 18:38:51',NULL,'en_linea','ficticio','si'),(11,'plat_seeker','plat_seeker@test.valosense','$2y$10$gkcfJKk5/xNfaX8Qf67SNOqKvEX.OOl6AtljZrWrcY1pBSaioq/ei','Platinum 1',0,'LATAM',0,NULL,NULL,NULL,1,'2026-04-18 18:38:51',NULL,'en_linea','ficticio','si'),(12,'plat_edge','plat_edge@test.valosense','$2y$10$gkcfJKk5/xNfaX8Qf67SNOqKvEX.OOl6AtljZrWrcY1pBSaioq/ei','Platinum 1',0,'EU',0,NULL,NULL,NULL,1,'2026-04-18 18:38:51',NULL,'en_linea','ficticio','si'),(13,'diamond_hands','diamond_hands@test.valosense','$2y$10$gkcfJKk5/xNfaX8Qf67SNOqKvEX.OOl6AtljZrWrcY1pBSaioq/ei','Diamond 1',0,'EU',0,NULL,NULL,NULL,1,'2026-04-18 18:38:51','2026-04-18 22:19:12','en_linea','ficticio','si'),(14,'diamond_pro','diamond_pro@test.valosense','$2y$10$gkcfJKk5/xNfaX8Qf67SNOqKvEX.OOl6AtljZrWrcY1pBSaioq/ei','Diamond 1',0,'AP',0,NULL,NULL,NULL,1,'2026-04-18 18:38:51',NULL,'en_linea','ficticio','si'),(15,'ascend_now','ascend_now@test.valosense','$2y$10$gkcfJKk5/xNfaX8Qf67SNOqKvEX.OOl6AtljZrWrcY1pBSaioq/ei','Ascendant 1',0,'NA',0,NULL,NULL,NULL,1,'2026-04-18 18:38:51',NULL,'en_linea','ficticio','si'),(16,'ascend_ppl','ascend_ppl@test.valosense','$2y$10$gkcfJKk5/xNfaX8Qf67SNOqKvEX.OOl6AtljZrWrcY1pBSaioq/ei','Ascendant 1',0,'EU',0,NULL,NULL,NULL,1,'2026-04-18 18:38:51',NULL,'en_linea','ficticio','si'),(17,'immortal_one','immortal_one@test.valosense','$2y$10$gkcfJKk5/xNfaX8Qf67SNOqKvEX.OOl6AtljZrWrcY1pBSaioq/ei','Immortal 1',0,'BR',0,NULL,NULL,NULL,1,'2026-04-18 18:38:51',NULL,'en_linea','ficticio','si'),(18,'immortal_clutch','immortal_clutch@test.valosense','$2y$10$gkcfJKk5/xNfaX8Qf67SNOqKvEX.OOl6AtljZrWrcY1pBSaioq/ei','Immortal 1',0,'KR',0,NULL,NULL,NULL,1,'2026-04-18 18:38:51',NULL,'en_linea','ficticio','si'),(19,'radiant_proof','radiant_proof@test.valosense','$2y$10$gkcfJKk5/xNfaX8Qf67SNOqKvEX.OOl6AtljZrWrcY1pBSaioq/ei','Radiant',0,'EU',0,NULL,NULL,NULL,1,'2026-04-18 18:38:51',NULL,'en_linea','ficticio','si'),(20,'user','user@valosense.local','$2y$10$qZyu14m1myy2m1jmcu70buooEGSY6OoNDE8hpUBgEy2eOrAS5Mh3K','Gold 1',0,'EU',0,NULL,NULL,NULL,1,'2026-04-19 00:02:58','2026-04-20 11:04:17','en_linea','ficticio','si'),(21,'david','david@gmail.com','$2b$10$mrJTXRelSXFr.b0s4Sqz9.Rgr/he1PTBt88h.5Z1SCyq7gv8jFSnC','Iron 1',0,'EU',1,NULL,NULL,NULL,1,'2026-05-26 00:00:00',NULL,'en_linea','ficticio','si'),(23,'david24','david24@gmail.com','$2y$10$wjtyNK.dp539Mij5M1eTTOF8M2yIn.s5lc4YhFHguTxXTdFsIGSby','Sin clasificar',0,'EU',0,NULL,NULL,NULL,1,'2026-05-27 19:51:17',NULL,'en_linea','real','no');
/*!40000 ALTER TABLE `usuario` ENABLE KEYS */;
UNLOCK TABLES;
/*!40103 SET TIME_ZONE=@OLD_TIME_ZONE */;

/*!40101 SET SQL_MODE=@OLD_SQL_MODE */;
/*!40014 SET FOREIGN_KEY_CHECKS=@OLD_FOREIGN_KEY_CHECKS */;
/*!40014 SET UNIQUE_CHECKS=@OLD_UNIQUE_CHECKS */;
/*!40101 SET CHARACTER_SET_CLIENT=@OLD_CHARACTER_SET_CLIENT */;
/*!40101 SET CHARACTER_SET_RESULTS=@OLD_CHARACTER_SET_RESULTS */;
/*!40101 SET COLLATION_CONNECTION=@OLD_COLLATION_CONNECTION */;
/*!40111 SET SQL_NOTES=@OLD_SQL_NOTES */;

-- Dump completed on 2026-05-27 20:14:12
